id,first_name,last_name,email,gender,quota,revenue,commission,start_date
1,Susanna,Checo,scheco0@jiathis.com,Female,98006.61,41311.51,26.02,5/14/2019
2,Dieter,Noulton,dnoulton1@odnoklassniki.ru,Male,19763.55,64069.29,18.31,9/7/2019
3,Jacqueline,Huckstepp,jhuckstepp2@canalblog.com,Female,90595.03,25146.97,27.91,11/13/2019
4,Ransom,Izzett,rizzett3@npr.org,Male,24023.58,45127.63,27.05,10/14/2019
5,Jewel,Croster,jcroster4@msu.edu,Female,97628.44,20284.53,27.48,3/7/2020
6,Lanie,Clausewitz,lclausewitz5@about.com,Female,80007.6,35176.3,9.56,1/6/2020
7,Englebert,Slite,eslite6@biglobe.ne.jp,Male,76544.19,16304.53,3.98,12/15/2019
8,Harrison,Muckleston,hmuckleston7@nhs.uk,Male,85972.67,19799.84,22.3,5/1/2020
9,Catrina,Grogan,cgrogan8@list-manage.com,Female,72150.75,82507.21,13.37,2/13/2020
10,Kearney,Murfill,kmurfill9@icio.us,Male,13156.85,68048.57,12.28,4/20/2020
11,Tann,Maleck,tmalecka@yelp.com,Male,49753.56,33466.65,16.04,7/8/2019
12,Warner,Keward,wkewardb@google.it,Male,67838.86,,19.77,1/2/2020
13,Damian,Goatcher,dgoatcherc@nydailynews.com,Male,1204.41,94053.18,12.12,9/5/2019
14,Niall,Clapston,nclapstond@naver.com,Male,78343.59,68100.9,22.06,10/11/2019
15,Hurlee,Harber,hharbere@netlog.com,Male,11610.07,98260.63,29.22,10/8/2019
16,Aguie,Levitt,alevittf@usnews.com,Male,26938.86,99412.82,10.19,4/5/2020
17,Pascale,Royce,proyceg@spotify.com,Male,51640.36,46909.55,9.07,12/28/2019
18,Leticia,Lemon,llemonh@devhub.com,Female,31242.76,7181.36,9.7,7/11/2019
19,Demetris,Attridge,dattridgei@naver.com,Male,17072.54,35007.94,27.11,5/14/2019
20,Aland,O'Siaghail,aosiaghailj@etsy.com,Male,86185.12,23201.19,1.79,3/31/2020
21,Michale,Luffman,mluffmank@flickr.com,Male,91590.86,70137.25,29.35,8/18/2019
22,Lizabeth,Arminger,larmingerl@stumbleupon.com,Female,59431.18,29784.37,29.4,9/11/2019
23,Arnold,Sheron,asheronm@yellowbook.com,Male,79226.08,3880.31,24.57,4/7/2020
24,Branden,Bagot,bbagotn@devhub.com,Male,53463.37,91484.6,28.87,8/12/2019
25,Haley,Cartan,hcartano@jalbum.net,Female,55898.54,48858.01,10.77,1/4/2020
26,Corbett,Cicetti,ccicettip@list-manage.com,Male,49549.44,74100.41,25.93,12/1/2019
27,Guenevere,Mallows,gmallowsq@ucla.edu,Female,83903.35,2457.38,21.61,3/17/2020
28,Florinda,Miskelly,fmiskellyr@creativecommons.org,Female,30236.69,32031.81,18.42,12/29/2019
29,Gunther,Meconi,gmeconis@kickstarter.com,Male,30206.53,85306.18,9.19,12/3/2019
30,Trix,Hachette,thachettet@alibaba.com,Female,56591.45,45244.79,28.23,2/18/2020
31,Ethelda,Caustic,ecausticu@nih.gov,Female,21440.87,47953.94,13.77,10/11/2019
32,Amil,Giovannardi,agiovannardiv@stanford.edu,Female,55431.0,80897.79,18.11,9/2/2019
33,Nicolette,Larkby,nlarkbyw@nps.gov,Female,9028.13,91591.57,1.93,10/25/2019
34,Becki,Gillam,bgillamx@pen.io,Female,1180.05,81984.93,5.37,7/16/2019
35,Marcelo,Casterton,mcastertony@senate.gov,Male,2535.32,73949.56,4.93,10/21/2019
36,Isabella,Alibone,ialibonez@oakley.com,Female,12883.35,28814.21,9.46,3/24/2020
37,Salomone,McGaughay,smcgaughay10@com.com,Male,70571.02,,29.77,8/7/2019
38,Bard,Cicconetti,bcicconetti11@themeforest.net,Male,68681.2,9513.65,26.34,9/16/2019
39,Tab,Sex,tsex12@mashable.com,Male,60943.61,64749.34,9.59,11/11/2019
40,Erastus,Largent,elargent13@spotify.com,Male,72440.69,15638.86,7.74,8/23/2019
41,Michel,Siebart,msiebart14@oracle.com,Male,49138.01,373.07,14.58,12/31/2019
42,Lotti,McGowing,lmcgowing15@usgs.gov,Female,23194.39,63013.71,2.85,6/12/2019
43,Bunnie,Bullough,bbullough16@com.com,Female,85112.86,28854.11,12.33,10/21/2019
44,Helen-elizabeth,Ledner,hledner17@friendfeed.com,Female,18980.43,75718.8,11.75,3/22/2020
45,Stillmann,Semered,ssemered18@wunderground.com,Male,87662.01,45617.11,21.48,10/2/2019
46,Zia,Hupka,zhupka19@tumblr.com,Female,26738.73,58683.14,5.5,9/22/2019
47,Berne,Oehme,boehme1a@t.co,Male,67462.1,92855.1,17.49,4/2/2020
48,Carlo,Whiscard,cwhiscard1b@shareasale.com,Male,50235.16,8481.31,6.41,3/21/2020
49,Armand,Moyes,amoyes1c@blogtalkradio.com,Male,10146.54,62994.63,18.55,5/9/2019
50,Leonanie,Mourbey,lmourbey1d@drupal.org,Female,71405.82,15141.07,17.46,4/21/2020
51,Lettie,Mervyn,lmervyn1e@ocn.ne.jp,Female,82627.26,64757.37,26.59,12/13/2019
52,Halimeda,Hastelow,hhastelow1f@last.fm,Female,58037.13,87590.29,26.87,9/2/2019
53,Keary,Trousdale,ktrousdale1g@diigo.com,Male,38791.53,28692.57,27.8,7/17/2019
54,Sinclair,Demann,sdemann1h@webeden.co.uk,Male,52340.43,21323.64,25.86,11/24/2019
55,Sharlene,Pringer,springer1i@about.me,Female,30088.52,21639.16,22.57,11/29/2019
56,Caralie,Banner,cbanner1j@amazon.com,Female,22978.13,90916.23,6.75,4/14/2020
57,Renaud,Siely,rsiely1k@prlog.org,Male,10226.17,86100.28,6.63,8/3/2019
58,Lodovico,Kaiser,lkaiser1l@51.la,Male,79596.35,25818.17,19.89,7/17/2019
59,Jessie,Crust,jcrust1m@bbb.org,Male,39850.27,80395.2,2.1,7/17/2019
60,Elbert,Hargess,ehargess1n@goodreads.com,Male,5767.39,52402.81,19.87,10/5/2019
61,Ardeen,Kirsz,akirsz1o@booking.com,Female,52886.88,77283.07,22.76,1/29/2020
62,Zebadiah,Setford,zsetford1p@dyndns.org,Male,14371.05,68788.52,16.06,11/23/2019
63,Patty,Riccione,priccione1q@bbb.org,Female,74454.53,19764.61,1.43,7/25/2019
64,Nona,Millward,nmillward1r@newyorker.com,Female,96226.56,35540.46,26.5,4/27/2020
65,Bethanne,Spinley,bspinley1s@japanpost.jp,Female,12603.49,94580.79,9.52,2/12/2020
66,Killy,Olivera,kolivera1t@mac.com,Male,96897.62,87212.73,23.59,7/2/2019
67,Findley,Onslow,fonslow1u@yellowpages.com,Male,13787.9,33421.56,16.78,9/21/2019
68,Lewie,Cellone,lcellone1v@networksolutions.com,Male,69310.87,32945.8,1.2,6/28/2019
69,Georas,Welbourn,gwelbourn1w@artisteer.com,Male,33947.19,41254.74,13.61,1/26/2020
70,Jeffrey,Shortall,jshortall1x@timesonline.co.uk,Male,58345.41,70674.74,3.39,8/23/2019
71,Paulita,Skae,pskae1y@bigcartel.com,Female,92133.79,81196.24,7.74,12/1/2019
72,Gabriel,Pevsner,gpevsner1z@360.cn,Male,89530.91,60304.0,15.88,3/16/2020
73,Percival,Hanton,,Male,62233.44,92120.8,5.17,12/5/2019
74,Andrea,Placstone,aplacstone21@sogou.com,Male,11102.01,69307.56,1.22,8/18/2019
75,Camille,Mudle,cmudle22@sina.com.cn,Female,17989.55,93177.97,21.96,4/9/2020
76,Valentino,Beedie,vbeedie23@soundcloud.com,Male,16317.88,38067.23,10.65,3/30/2020
77,Ban,Falls,bfalls24@biglobe.ne.jp,Male,64528.91,94330.66,21.11,8/24/2019
78,Cordy,Skains,cskains25@earthlink.net,Female,61980.52,95341.63,27.06,9/2/2019
79,Chelsea,Palleske,cpalleske26@e-recht24.de,Female,487.8,19630.13,21.41,8/7/2019
80,Philip,Hanscombe,phanscombe27@yellowpages.com,Male,50922.84,32421.46,20.64,3/29/2020
81,Etty,Baverstock,ebaverstock28@freewebs.com,Female,89252.3,85634.86,23.99,6/10/2019
82,Jason,Fisher,jfisher29@theglobeandmail.com,Male,33752.05,56929.91,19.33,7/20/2019
83,Muriel,Lenham,mlenham2a@weebly.com,Female,13628.84,25226.9,15.89,6/29/2019
84,Vivyan,Malmar,vmalmar2b@macromedia.com,Female,97344.03,1705.88,17.53,2/28/2020
85,Marleen,Shelly,mshelly2c@nyu.edu,Female,73460.4,4947.5,14.34,5/25/2019
86,Tannie,Colmore,tcolmore2d@bravesites.com,Male,81184.55,71845.07,17.99,10/23/2019
87,Willamina,Oakes,woakes2e@about.me,Female,65317.46,33628.47,17.87,1/30/2020
88,Parsifal,Simes,psimes2f@arstechnica.com,Male,6893.0,73731.25,23.68,10/14/2019
89,Franky,Izaks,fizaks2g@kickstarter.com,Female,82483.32,55777.18,5.09,10/10/2019
90,Aleece,Poynton,apoynton2h@deviantart.com,Female,98148.16,31162.51,16.95,4/19/2020
91,Sonni,Cookley,scookley2i@gravatar.com,Female,50265.41,37429.67,11.83,10/23/2019
92,Bax,Murley,bmurley2j@netlog.com,Male,11531.84,57371.1,9.77,8/25/2019
93,Delia,Van den Dael,dvandendael2k@japanpost.jp,Female,98990.97,96841.81,17.84,10/4/2019
94,Leeann,Thomton,lthomton2l@jalbum.net,Female,88312.5,58614.42,19.39,5/10/2019
95,Annemarie,Swindon,aswindon2m@disqus.com,Female,41848.23,29241.7,27.03,7/21/2019
96,Hilde,Bugg,hbugg2n@dailymail.co.uk,Female,28911.51,81718.88,9.3,2/19/2020
97,Isaak,Shawcross,ishawcross2o@google.co.uk,Male,31202.95,59032.98,4.4,5/1/2019
98,Pammi,Dmitr,pdmitr2p@booking.com,Female,47839.6,12507.1,9.26,9/4/2019
99,Jeramey,Wolstenholme,jwolstenholme2q@about.me,Male,700.93,43065.43,17.56,7/5/2019
100,Valentina,Karpushkin,vkarpushkin2r@wisc.edu,Female,72975.84,19705.45,12.98,7/1/2019
101,Emalee,Carlick,ecarlick2s@psu.edu,Female,81201.83,46640.1,12.27,2/9/2020
102,Carlina,Vescovo,cvescovo2t@sphinn.com,Female,65597.06,24713.21,26.52,4/19/2020
103,Domini,Attride,dattride2u@4shared.com,Female,4477.61,80753.06,13.54,12/30/2019
104,Cad,Sherratt,csherratt2v@squarespace.com,Male,58195.61,33134.98,8.87,5/4/2019
105,Gusti,McCullough,gmccullough2w@ox.ac.uk,Female,61885.43,24603.5,19.88,8/2/2019
106,Rochell,MacHoste,rmachoste2x@unesco.org,Female,88297.01,46006.51,25.49,9/28/2019
107,Bernelle,Neeve,bneeve2y@slate.com,Female,20708.64,21961.67,12.48,5/14/2019
108,Marlin,Chippendale,mchippendale2z@yellowpages.com,Male,61611.0,11356.53,20.31,9/7/2019
109,Kingsley,Grimsdell,kgrimsdell30@privacy.gov.au,Male,38460.36,54048.43,7.9,2/27/2020
110,Corilla,Antognazzi,cantognazzi31@skyrock.com,Female,37685.85,78189.46,6.32,4/28/2020
111,Muffin,McPhate,mmcphate32@umn.edu,Male,28835.18,51221.54,18.94,12/2/2019
112,Dinah,Baude,dbaude33@wordpress.org,Female,61800.53,5031.43,26.29,11/9/2019
113,Ronnie,Micco,rmicco34@tinypic.com,Male,77767.22,64804.23,3.38,7/12/2019
114,Nikola,Izakof,nizakof35@freewebs.com,Male,7388.12,25176.8,12.15,7/13/2019
115,Meara,Budnik,mbudnik36@nymag.com,Female,24395.57,22413.54,5.09,12/12/2019
116,Jania,Dunbavin,jdunbavin37@usgs.gov,Female,35275.52,97816.6,28.86,4/23/2020
117,Min,Alesin,malesin38@devhub.com,Female,34407.93,92656.38,19.67,5/2/2020
118,Urbanus,Conibere,uconibere39@nih.gov,Male,55782.47,14810.66,18.96,9/17/2019
119,Lombard,Hughes,lhughes3a@smugmug.com,Male,67261.31,44780.12,20.27,5/21/2019
120,Edvard,Thing,ething3b@xrea.com,Male,21621.23,27941.08,12.32,8/28/2019
121,Basile,Cund,,Male,59875.62,34919.16,16.63,11/19/2019
122,Mozes,Biasi,mbiasi3d@house.gov,Male,99619.98,91643.54,12.07,5/27/2019
123,Raimund,Sperrett,rsperrett3e@usda.gov,Male,25080.15,91966.08,22.28,10/30/2019
124,Mordy,Beaushaw,mbeaushaw3f@ovh.net,Male,20691.13,72863.78,7.3,8/6/2019
125,Kelbee,Rasor,krasor3g@wufoo.com,Male,26763.35,56749.47,14.03,11/22/2019
126,Fredek,O'Hone,fohone3h@springer.com,Male,44516.82,67984.06,23.93,10/23/2019
127,Janis,Ricketts,jricketts3i@google.de,Female,96775.55,80915.08,15.85,11/15/2019
128,Izabel,Walton,iwalton3j@macromedia.com,Female,24884.9,38789.79,11.24,7/16/2019
129,Hilary,Hedgeman,hhedgeman3k@biglobe.ne.jp,Female,64399.52,10944.47,1.15,11/1/2019
130,Joelie,McGarrity,jmcgarrity3l@usgs.gov,Female,97244.39,85328.5,5.94,9/24/2019
131,Neala,Rentz,nrentz3m@meetup.com,Female,86811.48,21959.53,29.71,8/24/2019
132,Juan,Garrelts,jgarrelts3n@ovh.net,Male,24664.45,72298.73,4.05,9/10/2019
133,Lawrence,Richings,lrichings3o@xing.com,Male,12092.65,47793.82,15.35,1/10/2020
134,Liuka,Birtwistle,lbirtwistle3p@hc360.com,Female,94943.08,40047.62,11.58,7/23/2019
135,Ingram,Kearey,ikearey3q@soundcloud.com,Male,66374.36,31501.33,16.98,9/21/2019
136,Aubrey,Tarply,atarply3r@1und1.de,Female,22396.84,59683.68,29.22,6/4/2019
137,Marina,Hambleton,mhambleton3s@webnode.com,Female,53255.96,4720.69,7.74,8/11/2019
138,Laurie,Dussy,ldussy3t@google.fr,Female,68130.49,74125.82,4.44,11/8/2019
139,Barnie,Chin,bchin3u@disqus.com,Male,66234.9,74829.89,12.89,1/1/2020
140,Anita,Tremberth,atremberth3v@spotify.com,Female,47526.35,11417.58,18.93,8/3/2019
141,Clo,Lamplugh,clamplugh3w@latimes.com,Female,15521.71,47117.56,16.03,8/25/2019
142,Bartholomew,Mingo,bmingo3x@marketwatch.com,Male,20918.33,46937.79,6.36,3/15/2020
143,Roarke,Van Merwe,rvanmerwe3y@joomla.org,Male,13551.07,50007.98,27.76,11/22/2019
144,Burke,Buckmaster,bbuckmaster3z@constantcontact.com,Male,65196.45,37896.32,16.9,5/26/2019
145,Timmi,Morcombe,tmorcombe40@liveinternet.ru,Female,55207.04,72871.68,23.26,1/25/2020
146,Griff,Sorrie,gsorrie41@mayoclinic.com,Male,87167.12,67468.03,5.38,7/25/2019
147,Johny,Rodenhurst,jrodenhurst42@cam.ac.uk,Male,63341.02,63825.91,21.56,6/9/2019
148,Lonna,Spalls,lspalls43@pinterest.com,Female,11404.16,29132.09,23.41,3/8/2020
149,Drugi,Trye,dtrye44@wufoo.com,Male,40149.7,72268.09,22.5,5/8/2019
150,Kitti,Sanderson,ksanderson45@biblegateway.com,Female,16907.85,35818.44,29.04,8/31/2019
151,Nissy,Nurcombe,nnurcombe46@skyrock.com,Female,86547.25,91958.75,15.11,12/31/2019
152,Fred,Durbridge,fdurbridge47@google.co.jp,Female,32735.4,91529.3,4.56,7/4/2019
153,Latia,Hearn,lhearn48@fotki.com,Female,16551.61,76569.7,8.37,6/1/2019
154,Bertine,Twigley,btwigley49@wordpress.org,Female,73207.44,11824.23,29.86,4/8/2020
155,Karoly,Graeber,kgraeber4a@moonfruit.com,Female,15480.12,53570.91,9.48,7/15/2019
156,Benji,Chasemoore,bchasemoore4b@google.fr,Male,37261.95,1135.64,11.44,9/27/2019
157,Valery,Suggey,vsuggey4c@shop-pro.jp,Female,27297.11,25742.65,1.23,9/13/2019
158,Elnar,Bolstridge,ebolstridge4d@flickr.com,Male,40846.12,48702.68,28.55,5/21/2019
159,Dione,Steffans,dsteffans4e@google.ca,Female,52301.59,2607.74,27.14,6/18/2019
160,Beryle,Mellem,bmellem4f@1und1.de,Female,14010.59,94062.06,26.41,5/2/2019
161,Daisie,Nicklen,dnicklen4g@discuz.net,Female,17263.75,26338.12,4.38,3/11/2020
162,Renato,Blague,rblague4h@google.ru,Male,80191.78,60559.01,1.41,9/27/2019
163,Fran,Laurand,flaurand4i@nytimes.com,Female,28826.47,58427.8,29.86,11/26/2019
164,Garfield,Wogden,gwogden4j@plala.or.jp,Male,57943.58,45400.57,25.12,12/10/2019
165,Tobias,Michelin,tmichelin4k@cbc.ca,Male,56015.84,49607.16,14.08,11/22/2019
166,Guglielma,Howes,ghowes4l@bigcartel.com,Female,49851.35,784.19,18.94,4/20/2020
167,Stephannie,Smoote,ssmoote4m@biblegateway.com,Female,23996.9,25068.12,12.08,4/12/2020
168,Catriona,Battye,cbattye4n@samsung.com,Female,54353.7,28843.51,13.78,11/25/2019
169,Lorene,Trittam,ltrittam4o@networksolutions.com,Female,12583.23,56242.26,16.46,3/12/2020
170,Celestyn,Sear,csear4p@wp.com,Female,84972.99,11188.19,6.83,3/9/2020
171,Arnaldo,Niche,aniche4q@fema.gov,Male,88680.89,29913.97,19.15,5/22/2019
172,Lacie,Grayshan,lgrayshan4r@example.com,Female,47225.62,94832.6,13.81,4/12/2020
173,Jerome,Elkin,jelkin4s@angelfire.com,Male,88989.6,87171.25,26.55,6/24/2019
174,Cassaundra,Mulford,cmulford4t@furl.net,Female,3179.3,91867.3,13.34,8/14/2019
175,Dael,Cockley,dcockley4u@harvard.edu,Female,94470.3,30304.28,18.06,12/26/2019
176,Donny,McCaughran,dmccaughran4v@tinyurl.com,Male,27471.36,33877.85,22.41,5/14/2019
177,Germaine,Phillot,gphillot4w@4shared.com,Male,84018.27,40132.65,15.82,11/26/2019
178,Hewett,Cromleholme,hcromleholme4x@theglobeandmail.com,Male,15683.48,77943.48,23.61,3/25/2020
179,Joseito,Baudichon,jbaudichon4y@tinyurl.com,Male,80186.58,17836.89,15.77,11/2/2019
180,Alvera,Dunphie,adunphie4z@netscape.com,Female,46600.0,83654.57,4.23,8/17/2019
181,Claudine,Showt,cshowt50@nymag.com,Female,93575.71,17412.76,12.62,4/8/2020
182,Elwyn,Ruggier,eruggier51@sciencedaily.com,Male,24811.87,71602.62,9.61,11/26/2019
183,Chucho,Comelini,ccomelini52@biglobe.ne.jp,Male,22682.64,90291.01,8.41,8/20/2019
184,Stafani,Oxbrough,soxbrough53@oracle.com,Female,98754.95,32719.02,6.95,1/18/2020
185,Jess,Betts,jbetts54@odnoklassniki.ru,Female,46041.87,42818.87,1.83,10/25/2019
186,Valentin,Saladine,vsaladine55@ask.com,Male,11505.75,6597.22,21.41,2/14/2020
187,Lenette,McVaugh,lmcvaugh56@sourceforge.net,Female,76882.05,63844.57,22.08,6/27/2019
188,Taite,Canet,tcanet57@yahoo.com,Male,27083.49,35138.78,28.56,9/13/2019
189,Austine,Heimes,aheimes58@nydailynews.com,Female,93524.11,86811.64,2.05,11/11/2019
190,Kaiser,Orr,korr59@marketwatch.com,Male,95078.97,76302.29,13.52,5/19/2019
191,Anna-maria,Brimble,abrimble5a@weibo.com,Female,86271.64,22837.76,9.63,11/8/2019
192,Northrup,Waddell,nwaddell5b@clickbank.net,Male,9999.41,41224.58,1.39,3/7/2020
193,Cesare,Soall,csoall5c@cdc.gov,Male,32084.82,44745.8,14.39,6/17/2019
194,Prinz,Manzell,pmanzell5d@fema.gov,Male,11222.42,19262.19,14.06,10/21/2019
195,Raddy,Calcott,rcalcott5e@pen.io,Male,46482.65,61882.94,9.77,5/31/2019
196,Tedda,MacFaell,tmacfaell5f@guardian.co.uk,Female,57129.66,60724.22,25.59,9/29/2019
197,Kimberly,Keays,,Female,95229.88,26266.59,27.42,4/13/2020
198,Conrad,Hawkyens,chawkyens5h@japanpost.jp,Male,4095.43,86233.36,29.25,12/5/2019
199,Mitchael,Amy,mamy5i@cbslocal.com,Male,22408.58,86287.35,4.06,3/15/2020
200,Beale,Schenkel,bschenkel5j@domainmarket.com,Male,38117.75,58361.68,18.77,11/14/2019
201,Esmaria,Crumb,ecrumb5k@ibm.com,Female,41121.88,83481.03,27.82,7/22/2019
202,Boris,Lies,blies5l@drupal.org,Male,66110.53,52235.3,29.8,5/1/2020
203,Aili,Swannick,aswannick5m@github.io,Female,91572.5,73251.75,17.97,2/3/2020
204,Elwyn,Slimon,,Male,45419.03,31668.62,11.3,11/17/2019
205,Elizabeth,Bowman,ebowman5o@google.de,Female,27407.39,97652.24,17.83,5/3/2019
206,Dara,Woodruffe,dwoodruffe5p@xrea.com,Female,82713.24,98318.82,5.93,9/26/2019
207,Cleveland,Dockerty,cdockerty5q@va.gov,Male,54796.19,17294.49,27.45,12/6/2019
208,Ariel,Mackilpatrick,amackilpatrick5r@diigo.com,Male,51973.19,42609.38,11.36,3/26/2020
209,Kerry,Link,klink5s@e-recht24.de,Female,13248.62,62085.03,2.42,9/15/2019
210,Nedda,Barrim,nbarrim5t@google.co.jp,Female,66624.41,11350.64,19.15,7/31/2019
211,Elvina,Adame,eadame5u@gizmodo.com,Female,25996.59,61980.18,9.64,10/20/2019
212,Phylys,Pobjoy,ppobjoy5v@statcounter.com,Female,95470.37,18092.68,5.28,5/4/2019
213,Kacy,Caslin,kcaslin5w@addtoany.com,Female,82681.77,22027.14,9.32,1/2/2020
214,Antone,Medler,amedler5x@biglobe.ne.jp,Male,43199.55,43824.94,13.84,10/21/2019
215,Berny,Colbron,bcolbron5y@etsy.com,Male,16697.28,79109.23,9.97,3/13/2020
216,Jacquetta,Godman,jgodman5z@epa.gov,Female,68603.0,18212.45,18.97,4/30/2020
217,Bastien,Wickwarth,bwickwarth60@army.mil,Male,60619.43,69943.73,18.46,4/26/2020
218,Gilburt,Petters,gpetters61@arstechnica.com,Male,45792.05,70526.47,16.31,2/27/2020
219,Micheal,Heathcoat,mheathcoat62@opensource.org,Male,66921.28,33062.32,11.08,11/25/2019
220,Gav,Hanes,ghanes63@homestead.com,Male,30601.94,97892.79,16.66,12/16/2019
221,Reinold,Diprose,rdiprose64@epa.gov,Male,77806.66,28594.28,4.28,4/29/2020
222,King,Garlinge,kgarlinge65@chron.com,Male,19218.6,67633.52,28.71,6/21/2019
223,Diego,Gregorin,dgregorin66@discovery.com,Male,89078.32,14943.9,13.89,3/10/2020
224,Lacey,Breming,lbreming67@live.com,Female,55049.11,99745.18,5.61,6/14/2019
225,Bettye,Lingley,blingley68@tiny.cc,Female,36496.09,30710.95,8.73,9/6/2019
226,Marin,Getten,mgetten69@usatoday.com,Female,67303.73,58295.98,21.08,8/22/2019
227,Pavla,Sudlow,psudlow6a@cbslocal.com,Female,56688.65,70336.48,10.62,12/7/2019
228,Joelie,Risso,jrisso6b@oaic.gov.au,Female,78255.35,53437.66,14.46,3/3/2020
229,Mel,Honeywood,mhoneywood6c@about.com,Male,36601.17,78318.46,20.74,9/26/2019
230,Jory,Swidenbank,jswidenbank6d@google.nl,Male,18479.93,49412.6,29.79,10/13/2019
231,Ceil,Plenderleith,cplenderleith6e@usgs.gov,Female,16744.23,39804.43,28.03,4/2/2020
232,Wilone,Bewshea,wbewshea6f@gov.uk,Female,15045.03,46556.41,20.01,4/23/2020
233,Fred,Jeannel,fjeannel6g@time.com,Female,39857.21,5216.94,29.29,3/18/2020
234,Michelina,Parramore,mparramore6h@ftc.gov,Female,19492.24,1105.05,20.16,6/4/2019
235,Tailor,Pierse,tpierse6i@cocolog-nifty.com,Male,12716.82,12630.15,2.16,10/16/2019
236,Barrett,Eilles,beilles6j@usatoday.com,Male,72473.78,72196.07,6.83,1/29/2020
237,Addie,Livingstone,alivingstone6k@tripadvisor.com,Male,51596.3,98892.5,15.39,11/28/2019
238,Hugues,Oglevie,hoglevie6l@wikimedia.org,Male,27338.94,5896.92,24.42,11/23/2019
239,Michaella,Hinkensen,mhinkensen6m@dailymotion.com,Female,61954.23,26866.77,25.19,9/20/2019
240,Marisa,Pegden,mpegden6n@ucoz.ru,Female,92309.57,20802.47,3.98,6/4/2019
241,Dunn,Davydychev,ddavydychev6o@pcworld.com,Male,5630.37,39241.23,1.7,4/26/2020
242,Tyne,Liveing,tliveing6p@soundcloud.com,Female,28891.2,1155.98,16.72,2/2/2020
243,Irvin,Tomaszczyk,itomaszczyk6q@apache.org,Male,19286.47,8448.34,20.28,8/17/2019
244,Emelita,Doull,edoull6r@joomla.org,Female,68013.81,95682.56,27.87,7/26/2019
245,Ottilie,Shillabeer,oshillabeer6s@qq.com,Female,4780.33,63173.13,7.1,6/26/2019
246,Mayor,Duckerin,mduckerin6t@netlog.com,Male,14812.1,65675.97,16.71,3/3/2020
247,Allistir,Steuhlmeyer,asteuhlmeyer6u@guardian.co.uk,Male,28552.48,99123.01,20.98,11/18/2019
248,Gawain,De'Vere - Hunt,gdeverehunt6v@cnet.com,Male,44400.79,84068.34,23.48,3/14/2020
249,Briana,Morstatt,bmorstatt6w@slashdot.org,Female,15237.01,20281.91,27.04,2/12/2020
250,Abbott,Komorowski,akomorowski6x@dyndns.org,Male,22113.6,90419.63,27.71,2/22/2020
251,Gael,Dinse,gdinse6y@newsvine.com,Male,16280.81,59076.76,13.87,10/6/2019
252,Shellie,Duck,sduck6z@furl.net,Female,69420.44,13561.44,27.92,2/19/2020
253,Jolyn,Seaborne,jseaborne70@godaddy.com,Female,75810.0,25122.13,23.56,8/29/2019
254,Minna,Cuttler,mcuttler71@delicious.com,Female,81388.13,17138.94,14.35,8/19/2019
255,Marv,Frigout,mfrigout72@4shared.com,Male,9693.23,62758.52,26.11,3/21/2020
256,Emelita,Brothwell,ebrothwell73@nytimes.com,Female,36374.98,54390.92,19.31,1/23/2020
257,Halley,Huntly,hhuntly74@comcast.net,Female,88.32,71316.41,21.81,5/12/2019
258,Corina,Stucksbury,cstucksbury75@ft.com,Female,29909.63,95100.46,11.14,7/24/2019
259,Sol,Allderidge,sallderidge76@ezinearticles.com,Male,82983.74,6468.17,18.9,3/11/2020
260,Arda,Lippiatt,alippiatt77@vk.com,Female,72447.13,8195.83,23.35,9/2/2019
261,Kerrill,Worden,kworden78@marketwatch.com,Female,82926.31,16447.7,24.97,4/5/2020
262,Kincaid,O'Donnelly,kodonnelly79@fastcompany.com,Male,80374.21,13144.95,16.71,1/26/2020
263,Shellysheldon,Gerholz,sgerholz7a@deliciousdays.com,Male,10621.7,76088.8,25.76,10/26/2019
264,Leontine,Sparway,lsparway7b@t-online.de,Female,9557.27,,18.4,11/27/2019
265,Ethelind,MacCoughen,emaccoughen7c@github.io,Female,86229.68,20864.56,12.34,2/19/2020
266,Giralda,Barbe,gbarbe7d@google.pl,Female,34648.97,56497.1,9.68,12/19/2019
267,Gayle,Pattison,gpattison7e@sohu.com,Male,66443.32,17824.02,24.29,4/11/2020
268,Sayer,Penwright,spenwright7f@indiatimes.com,Male,79711.15,13123.25,4.99,4/10/2020
269,Walker,Jindacek,wjindacek7g@upenn.edu,Male,149.74,80066.51,1.72,1/9/2020
270,Benedikta,O'Gavin,bogavin7h@shinystat.com,Female,78063.88,35522.22,2.89,6/6/2019
271,Tasia,Thresh,tthresh7i@plala.or.jp,Female,79333.96,7301.77,12.46,9/25/2019
272,Laetitia,Twist,ltwist7j@ning.com,Female,23004.39,76625.27,18.35,10/1/2019
273,Leela,Hammerton,lhammerton7k@shutterfly.com,Female,10039.36,16121.53,22.78,3/26/2020
274,Gottfried,Whitrod,gwhitrod7l@paginegialle.it,Male,25670.11,16434.72,23.21,6/25/2019
275,Stanton,Heustice,sheustice7m@ed.gov,Male,22260.41,14260.51,1.18,2/1/2020
276,Jonell,Kirkup,jkirkup7n@altervista.org,Female,26146.97,79852.29,2.35,3/19/2020
277,Neal,Larderot,nlarderot7o@shop-pro.jp,Male,47418.72,85651.12,21.11,8/8/2019
278,Maximilianus,Chuter,mchuter7p@live.com,Male,95871.86,43896.82,28.63,6/3/2019
279,Julian,Blenkinsopp,jblenkinsopp7q@indiatimes.com,Male,10644.47,68730.11,4.67,2/11/2020
280,Delainey,Perford,dperford7r@newsvine.com,Male,34974.01,99514.84,29.73,5/3/2020
281,Gail,Helks,ghelks7s@livejournal.com,Female,54326.49,86240.3,7.85,10/2/2019
282,Rutledge,Brearley,rbrearley7t@columbia.edu,Male,92116.39,18074.92,18.78,1/26/2020
283,Jessey,Rudgley,jrudgley7u@addtoany.com,Male,28949.33,51918.03,21.02,12/28/2019
284,Angel,Bartolomucci,abartolomucci7v@tinyurl.com,Female,35077.16,79235.05,25.53,8/21/2019
285,Janela,Thunnerclef,jthunnerclef7w@forbes.com,Female,98676.61,8476.07,29.93,1/7/2020
286,Brok,Cregan,bcregan7x@weather.com,Male,60360.91,3331.61,19.41,1/5/2020
287,Ardyth,Hawkridge,ahawkridge7y@aboutads.info,Female,92847.02,28985.95,18.19,12/7/2019
288,Selinda,Brastead,sbrastead7z@fda.gov,Female,31532.94,76773.96,19.39,7/7/2019
289,Gloriane,Hartin,ghartin80@sogou.com,Female,38742.97,60500.37,27.26,10/1/2019
290,Nelie,Broszkiewicz,nbroszkiewicz81@sohu.com,Female,97676.45,12605.85,3.01,3/3/2020
291,Arliene,Aldin,aaldin82@epa.gov,Female,27700.29,459.36,3.03,12/20/2019
292,Brigg,Bysh,bbysh83@nhs.uk,Male,3943.64,88427.29,13.3,3/11/2020
293,Carolee,Grunson,cgrunson84@i2i.jp,Female,58130.15,46093.73,19.68,4/28/2020
294,Lynna,Kob,lkob85@gov.uk,Female,86204.28,90851.86,26.22,9/29/2019
295,Priscilla,Silson,psilson86@elegantthemes.com,Female,65134.04,69012.69,29.61,6/11/2019
296,Berti,Cracker,bcracker87@nyu.edu,Male,69231.81,13709.46,6.14,7/27/2019
297,Maggi,Lapsley,mlapsley88@globo.com,Female,6229.57,70323.98,29.25,6/5/2019
298,Adelind,Giacometti,agiacometti89@simplemachines.org,Female,47061.84,51552.89,7.02,12/7/2019
299,Maighdiln,Poundsford,mpoundsford8a@goo.gl,Female,29873.84,13844.26,27.0,3/15/2020
300,Ashley,Teare,ateare8b@privacy.gov.au,Male,59113.63,21746.44,7.41,7/25/2019
301,Carmine,Iggulden,ciggulden8c@wufoo.com,Male,66467.28,4824.88,24.93,3/16/2020
302,Burtie,Girardoni,bgirardoni8d@utexas.edu,Male,45141.82,19470.31,7.94,8/20/2019
303,Coleen,Evill,cevill8e@seattletimes.com,Female,43389.73,27961.78,22.19,5/31/2019
304,Diego,Capozzi,,Male,58341.04,26723.56,16.12,7/7/2019
305,Teddy,Aleksahkin,taleksahkin8g@wufoo.com,Male,32111.89,31592.72,7.97,8/8/2019
306,Carny,Willets,cwillets8h@yahoo.co.jp,Male,97504.66,,24.54,4/18/2020
307,Mariel,Fetters,mfetters8i@godaddy.com,Female,90384.38,4751.87,29.0,8/25/2019
308,Kaile,Shevels,kshevels8j@myspace.com,Female,52848.69,18033.6,27.61,9/26/2019
309,Ulrica,Ping,,Female,55967.05,,7.77,12/5/2019
310,Velvet,Sambrok,vsambrok8l@samsung.com,Female,65219.45,79830.04,1.56,5/4/2019
311,Dixie,Wadmore,dwadmore8m@addtoany.com,Female,87761.94,13588.45,21.7,5/10/2019
312,Willabella,Crush,wcrush8n@nps.gov,Female,16748.94,9909.8,23.69,1/6/2020
313,Adda,Tremoulet,atremoulet8o@google.pl,Female,61709.19,32112.14,26.65,11/1/2019
314,Eula,Pourvoieur,epourvoieur8p@bloomberg.com,Female,1726.0,67487.62,8.74,12/10/2019
315,Bronson,Schole,bschole8q@wunderground.com,Male,10718.22,64940.3,17.72,3/15/2020
316,Fergus,O'Corrigane,focorrigane8r@scientificamerican.com,Male,15623.56,8528.26,4.72,5/21/2019
317,Bambi,Eaklee,beaklee8s@zimbio.com,Female,9492.95,79882.53,14.44,8/24/2019
318,Krisha,Geeve,kgeeve8t@addtoany.com,Male,3971.9,25756.45,14.07,10/3/2019
319,Axel,Stowell,astowell8u@bloglovin.com,Male,64113.45,27297.94,27.55,11/6/2019
320,Shurwood,Kingham,skingham8v@go.com,Male,79794.3,37722.29,7.13,5/9/2019
321,Lonny,Haggas,lhaggas8w@macromedia.com,Male,27955.6,83797.43,1.59,12/27/2019
322,Cos,Fraczek,cfraczek8x@prnewswire.com,Male,67863.26,17383.13,13.47,4/26/2020
323,Wes,Pitway,wpitway8y@ustream.tv,Male,78614.0,15684.03,1.19,5/23/2019
324,Towney,Titta,ttitta8z@e-recht24.de,Male,79565.47,23201.29,29.5,10/29/2019
325,Aldo,Honnan,ahonnan90@amazon.de,Male,97141.59,57441.14,14.81,9/26/2019
326,Stacey,Listone,slistone91@gizmodo.com,Female,14056.7,86202.74,15.86,3/8/2020
327,Gennie,Donett,gdonett92@shareasale.com,Female,74084.03,31362.22,19.24,3/5/2020
328,Dorise,Lowndsbrough,dlowndsbrough93@google.fr,Female,72562.97,93974.11,27.36,8/9/2019
329,Garrick,Duffell,gduffell94@studiopress.com,Male,28506.64,21763.35,19.61,4/29/2020
330,Rhona,Weildish,rweildish95@statcounter.com,Female,42886.43,11929.64,1.67,11/7/2019
331,Drusie,Meadley,dmeadley96@google.es,Female,87917.01,55756.05,25.01,6/5/2019
332,Lamont,Hearle,lhearle97@aboutads.info,Male,33865.91,74325.27,13.24,7/1/2019
333,Nickey,Mottershead,nmottershead98@bloomberg.com,Male,97582.09,40524.41,3.2,6/17/2019
334,Inger,Felix,ifelix99@loc.gov,Female,77716.0,22109.21,20.99,2/29/2020
335,Iggy,Goodbody,igoodbody9a@sourceforge.net,Male,6569.77,62744.99,25.67,4/8/2020
336,Bili,Castellaccio,bcastellaccio9b@shinystat.com,Female,74253.39,20503.43,2.0,11/28/2019
337,Yuri,Behne,ybehne9c@biglobe.ne.jp,Male,29136.21,39969.86,23.5,7/27/2019
338,Barb,Whawell,bwhawell9d@furl.net,Female,77759.24,34943.17,1.56,11/12/2019
339,Falito,Rabbet,frabbet9e@google.fr,Male,99024.33,60024.01,22.55,7/18/2019
340,Dominica,Comport,dcomport9f@intel.com,Female,57922.88,1776.98,12.18,9/14/2019
341,Karim,Oke,koke9g@shutterfly.com,Male,35793.4,55671.23,16.78,12/21/2019
342,Evered,Kenderdine,ekenderdine9h@google.co.uk,Male,41229.99,73950.84,6.19,11/16/2019
343,Caren,Slocket,cslocket9i@360.cn,Female,15488.62,65747.71,9.24,7/27/2019
344,Biron,Starsmeare,bstarsmeare9j@dell.com,Male,19944.44,19262.96,6.18,4/21/2020
345,Claiborne,Philippault,cphilippault9k@wsj.com,Male,61074.51,83357.06,4.27,12/27/2019
346,Florenza,Joberne,fjoberne9l@storify.com,Female,74481.71,97023.92,13.93,8/19/2019
347,Kane,Haverson,khaverson9m@multiply.com,Male,70316.81,83199.05,5.73,3/29/2020
348,Donia,Augustin,daugustin9n@furl.net,Female,13196.3,27986.48,20.91,11/25/2019
349,Gayleen,Duncanson,gduncanson9o@webmd.com,Female,79013.15,58420.77,9.98,2/25/2020
350,Noland,Staines,,Male,8771.83,,5.91,4/27/2020
351,Conrad,Abela,cabela9q@ucla.edu,Male,99737.18,81327.83,27.16,8/20/2019
352,Cyndia,McCosker,cmccosker9r@uiuc.edu,Female,98745.45,89220.44,28.83,11/10/2019
353,Tann,O'Noulane,tonoulane9s@ifeng.com,Male,61243.8,73323.36,2.55,12/19/2019
354,Emery,Ozelton,eozelton9t@1und1.de,Male,54849.45,65682.06,17.63,8/9/2019
355,Geoffrey,Negal,gnegal9u@upenn.edu,Male,80694.56,51173.53,11.0,8/24/2019
356,Guenna,Sturch,gsturch9v@macromedia.com,Female,2337.18,16389.37,19.18,4/5/2020
357,Joella,Vallis,jvallis9w@earthlink.net,Female,41470.19,99252.49,23.39,3/7/2020
358,Conney,Guidera,cguidera9x@shinystat.com,Male,60451.89,97781.52,14.01,10/26/2019
359,Nicolis,Rowatt,nrowatt9y@thetimes.co.uk,Male,86384.46,60124.0,3.89,2/25/2020
360,Edgardo,McMearty,emcmearty9z@twitter.com,Male,37539.21,67689.29,26.6,10/18/2019
361,Gibby,Withur,gwithura0@tinyurl.com,Male,26240.7,433.59,12.07,5/23/2019
362,Vilma,Dumbrall,vdumbralla1@imageshack.us,Female,69512.47,67371.99,7.63,10/20/2019
363,Madlin,Tommis,mtommisa2@businesswire.com,Female,85206.71,60447.32,24.75,7/8/2019
364,Jason,Atteridge,jatteridgea3@nasa.gov,Male,33476.75,25795.22,14.04,7/19/2019
365,Bobbette,Stairmond,bstairmonda4@usda.gov,Female,93181.6,38274.61,11.68,9/6/2019
366,Bertie,Bartod,bbartoda5@latimes.com,Female,29543.48,35930.93,16.06,4/14/2020
367,Tallou,Maestrini,tmaestrinia6@whitehouse.gov,Female,46957.5,36928.57,4.07,11/16/2019
368,Clerkclaude,La Padula,clapadulaa7@goo.gl,Male,10834.32,50749.59,9.2,9/10/2019
369,Inglebert,Bretherton,ibrethertona8@dell.com,Male,87316.11,1386.92,3.86,5/7/2019
370,Vinnie,Oager,voagera9@ft.com,Female,81583.8,74539.05,11.58,3/16/2020
371,Ailene,Vagg,avaggaa@scribd.com,Female,54740.64,91991.08,29.47,2/11/2020
372,Ashely,Stoner,astonerab@parallels.com,Female,82915.27,82131.47,11.28,1/20/2020
373,Germana,Janicki,gjanickiac@theguardian.com,Female,14411.14,34941.14,9.13,6/7/2019
374,Danit,Grummitt,dgrummittad@webeden.co.uk,Female,83672.87,30340.84,14.62,12/26/2019
375,Reinhold,But,rbutae@devhub.com,Male,31237.11,41697.9,27.05,2/1/2020
376,Andreas,Cruwys,acruwysaf@scribd.com,Male,57520.31,90248.16,1.52,10/9/2019
377,Marvin,Kerswell,mkerswellag@mediafire.com,Male,19267.49,50983.33,2.34,3/2/2020
378,Roarke,Denge,rdengeah@pinterest.com,Male,47429.25,72277.82,2.12,9/26/2019
379,Mile,Cardis,mcardisai@goo.ne.jp,Male,88759.0,25170.34,7.09,7/14/2019
380,Carlina,Gammack,cgammackaj@taobao.com,Female,28060.59,26945.19,22.42,10/15/2019
381,Gradeigh,Wolfit,gwolfitak@sbwire.com,Male,35412.74,29986.42,26.26,9/30/2019
382,Hubey,Mockford,hmockfordal@sourceforge.net,Male,62778.28,51569.8,19.6,9/9/2019
383,Kathryn,Dowty,kdowtyam@un.org,Female,96237.99,3344.35,4.29,2/22/2020
384,Marsha,Acom,macoman@hhs.gov,Female,87415.07,37558.82,12.03,9/7/2019
385,Georgina,Manion,gmanionao@slideshare.net,Female,31717.26,88098.54,18.04,7/25/2019
386,Christoffer,St. Paul,cstpaulap@amazonaws.com,Male,3402.45,74944.59,25.12,8/12/2019
387,Skelly,Magister,,Male,65067.35,1731.25,1.12,5/8/2019
388,Dwain,Saura,dsauraar@cnbc.com,Male,2544.35,27760.6,8.88,6/2/2019
389,Athene,Petrelli,apetrellias@wufoo.com,Female,12150.37,56199.72,4.42,9/22/2019
390,Issie,Kiljan,ikiljanat@opensource.org,Female,37617.97,53275.12,26.39,12/28/2019
391,Danella,Saker,dsakerau@tumblr.com,Female,92807.77,12594.71,23.13,4/12/2020
392,Gilbert,Verbeke,gverbekeav@booking.com,Male,4059.09,96339.42,6.48,2/15/2020
393,Donnell,Burnet,,Male,3448.12,11452.03,5.74,12/17/2019
394,Sayre,Bolgar,sbolgarax@vimeo.com,Male,52290.97,2272.37,11.03,6/10/2019
395,Yulma,Jacobs,yjacobsay@go.com,Male,30552.02,92966.26,27.58,11/23/2019
396,Lucille,Rammell,lrammellaz@w3.org,Female,21691.8,7619.01,12.21,8/31/2019
397,Drusy,Klais,dklaisb0@ca.gov,Female,73166.58,16075.36,9.84,3/24/2020
398,Gauthier,Capponer,gcapponerb1@mysql.com,Male,36666.23,86600.75,8.03,7/25/2019
399,Armin,Allnatt,aallnattb2@jimdo.com,Male,6378.74,66725.8,10.45,1/8/2020
400,Deanna,Himsworth,dhimsworthb3@ustream.tv,Female,7377.0,87482.84,5.25,11/14/2019
401,Derwin,Allsup,dallsupb4@craigslist.org,Male,19871.91,66499.36,16.18,4/29/2020
402,Henrik,Pfaff,hpfaffb5@businessweek.com,Male,26130.22,93169.45,30.0,11/11/2019
403,Jacob,Brahms,jbrahmsb6@theguardian.com,Male,92832.55,95135.96,2.05,1/14/2020
404,Elwyn,Crampsey,ecrampseyb7@un.org,Male,85134.16,69101.83,16.71,7/26/2019
405,Christopher,Rentoll,crentollb8@1688.com,Male,60387.94,90394.48,16.54,9/11/2019
406,Barris,Blakeley,bblakeleyb9@4shared.com,Male,50222.72,78431.83,4.94,6/9/2019
407,Leoine,Watterson,lwattersonba@wordpress.org,Female,23168.17,56037.94,18.06,4/12/2020
408,Gustie,Vockings,gvockingsbb@foxnews.com,Female,92636.61,15809.93,23.36,7/11/2019
409,Evangelia,Chaffey,echaffeybc@biglobe.ne.jp,Female,54841.54,25882.22,21.19,7/30/2019
410,Obediah,Akers,oakersbd@fotki.com,Male,58558.23,58462.48,5.26,6/7/2019
411,Stanton,Hanna,shannabe@netvibes.com,Male,76905.92,38355.54,9.73,6/12/2019
412,Lincoln,Mitten,lmittenbf@sun.com,Male,25232.2,60967.33,24.63,7/12/2019
413,Abeu,Hassent,ahassentbg@uiuc.edu,Male,71172.91,95827.67,25.73,7/17/2019
414,Vittoria,Daughtry,vdaughtrybh@paginegialle.it,Female,75207.77,5723.81,5.5,8/17/2019
415,Harry,Siward,hsiwardbi@wired.com,Male,60601.55,47052.51,29.21,6/9/2019
416,Emogene,Siss,esissbj@amazon.de,Female,48606.04,3584.12,19.17,11/12/2019
417,Conant,Strother,cstrotherbk@weather.com,Male,76201.0,66416.7,8.35,9/2/2019
418,Wyatan,Garfit,wgarfitbl@accuweather.com,Male,85234.77,42481.98,1.05,6/6/2019
419,Austina,Dunbabin,adunbabinbm@bandcamp.com,Female,12490.65,69871.79,21.41,3/9/2020
420,Claus,Premble,cpremblebn@msu.edu,Male,81426.82,77839.63,3.47,1/26/2020
421,Aleda,Sager,asagerbo@dion.ne.jp,Female,58692.8,14600.27,18.04,12/20/2019
422,Concordia,Kasbye,ckasbyebp@smugmug.com,Female,66368.96,93845.88,25.4,1/27/2020
423,Eamon,Ygou,eygoubq@prweb.com,Male,69847.57,73671.89,19.8,1/4/2020
424,Zachariah,Hamson,zhamsonbr@e-recht24.de,Male,83568.47,11471.78,24.94,8/6/2019
425,Garner,Kiledal,gkiledalbs@123-reg.co.uk,Male,20962.2,95968.72,14.38,6/15/2019
426,Llewellyn,Emby,lembybt@shareasale.com,Male,17206.95,57573.77,15.09,11/26/2019
427,Iago,Revely,irevelybu@networkadvertising.org,Male,41659.85,81282.81,7.55,10/19/2019
428,Chrissie,Hawkeridge,chawkeridgebv@jimdo.com,Male,89271.48,19348.05,22.41,8/31/2019
429,Em,Luto,elutobw@psu.edu,Male,7479.42,98875.57,10.85,10/27/2019
430,Elonore,Mansion,emansionbx@flavors.me,Female,54405.82,5641.04,25.9,1/30/2020
431,Evaleen,Lightbowne,elightbowneby@gnu.org,Female,15936.96,75436.91,1.33,8/21/2019
432,Malissa,Floodgate,mfloodgatebz@tuttocitta.it,Female,11564.65,,9.74,12/14/2019
433,Lorne,Shorthill,lshorthillc0@imgur.com,Female,77373.26,51321.52,14.2,11/11/2019
434,Micah,Burchett,mburchettc1@ucsd.edu,Male,83605.43,20722.33,17.95,7/3/2019
435,Tamiko,Sheavills,tsheavillsc2@hud.gov,Female,49454.23,84308.77,29.68,5/3/2020
436,Brade,Smythin,bsmythinc3@addtoany.com,Male,74613.14,66531.49,27.44,7/27/2019
437,Marguerite,Kivlin,mkivlinc4@netlog.com,Female,46349.12,55326.18,26.29,3/13/2020
438,Kat,Carren,kcarrenc5@umich.edu,Female,97865.06,50660.65,5.3,1/23/2020
439,Chanda,Avo,cavoc6@netvibes.com,Female,16602.53,12287.57,5.84,2/1/2020
440,Gav,Bertomier,gbertomierc7@mashable.com,Male,92209.94,46122.13,28.48,9/5/2019
441,Brenna,Holhouse,bholhousec8@exblog.jp,Female,47830.49,7174.58,18.65,1/14/2020
442,Rachel,Dilger,rdilgerc9@aboutads.info,Female,83363.45,22848.18,27.94,12/17/2019
443,Ephraim,Bogey,,Male,57245.74,75685.53,7.02,11/20/2019
444,Alison,Kivits,akivitscb@noaa.gov,Female,36133.41,70347.74,26.8,5/6/2019
445,Scarface,Gladdin,sgladdincc@theatlantic.com,Male,83826.57,32443.15,28.47,12/22/2019
446,Melamie,Exposito,mexpositocd@hao123.com,Female,7210.2,78644.17,7.09,11/12/2019
447,Angelle,Youthed,ayouthedce@joomla.org,Female,70494.53,60285.01,13.38,7/31/2019
448,Tab,Culleford,tcullefordcf@a8.net,Male,89302.09,6061.54,2.36,8/2/2019
449,Whittaker,Willoughway,wwilloughwaycg@ask.com,Male,94543.89,97895.69,27.08,12/9/2019
450,Ann,Treamayne,atreamaynech@cnn.com,Female,23345.29,37197.28,3.38,2/11/2020
451,Kathryn,Yonnie,kyonnieci@netvibes.com,Female,16252.61,57833.33,5.78,6/12/2019
452,Aurore,Gentreau,agentreaucj@eventbrite.com,Female,64753.85,60834.17,4.39,10/4/2019
453,Kevyn,Clowney,kclowneyck@umn.edu,Female,43181.92,80048.78,3.54,6/25/2019
454,Alexandrina,Jenton,ajentoncl@last.fm,Female,68594.36,59842.11,11.79,12/3/2019
455,Scotty,Casotti,scasotticm@whitehouse.gov,Male,12498.97,65081.72,11.37,7/18/2019
456,Zacharie,Lacy,zlacycn@reddit.com,Male,6137.28,27636.78,11.05,6/22/2019
457,Dell,Tillot,dtillotco@weather.com,Male,97042.61,66108.72,26.91,5/5/2019
458,Frankie,Harflete,fharfletecp@zimbio.com,Male,55933.55,53911.33,19.41,4/9/2020
459,Kristen,Philpott,kphilpottcq@skype.com,Female,94514.66,5777.68,10.87,5/2/2019
460,Bald,Sowood,bsowoodcr@arizona.edu,Male,60044.59,59577.37,14.27,1/11/2020
461,Gan,Imason,gimasoncs@naver.com,Male,32169.66,13249.25,24.47,6/16/2019
462,Simonne,Hallmark,shallmarkct@blogspot.com,Female,33771.76,78023.55,2.37,1/27/2020
463,Aldus,Newton,anewtoncu@tinypic.com,Male,62527.91,74797.84,3.47,5/18/2019
464,Carmon,Sherar,csherarcv@epa.gov,Female,23535.73,99746.38,11.64,3/30/2020
465,Cam,Braunes,cbraunescw@php.net,Male,38418.36,,19.05,10/27/2019
466,Norah,Tie,ntiecx@samsung.com,Female,42479.05,68035.34,2.13,3/28/2020
467,Gnni,Braybrooks,gbraybrookscy@tinypic.com,Female,84856.04,27128.13,19.4,7/18/2019
468,Cathi,Bulman,cbulmancz@twitter.com,Female,2671.34,82262.46,22.77,10/5/2019
469,Archibold,Ximenez,aximenezd0@examiner.com,Male,14779.58,5090.15,15.37,5/26/2019
470,Ruprecht,Thoma,rthomad1@lulu.com,Male,34987.93,96781.84,24.7,4/10/2020
471,Ilaire,Dearle-Palser,idearlepalserd2@forbes.com,Male,83901.98,36400.77,9.26,8/17/2019
472,Jeromy,Ferrar,jferrard3@house.gov,Male,60253.82,91486.17,22.8,4/24/2020
473,Jane,Pearl,jpearld4@who.int,Female,14982.97,45146.87,14.66,6/7/2019
474,Rhys,Caldow,rcaldowd5@bloglovin.com,Male,35331.04,26505.4,22.71,9/18/2019
475,Amble,Crofthwaite,acrofthwaited6@abc.net.au,Male,67282.84,43576.46,10.57,1/11/2020
476,Winnie,Ciric,wciricd7@ca.gov,Female,49036.38,93191.15,15.84,8/15/2019
477,Claudius,Feechan,cfeechand8@simplemachines.org,Male,94684.42,29806.93,18.37,3/23/2020
478,Jan,McElane,jmcelaned9@photobucket.com,Female,71869.55,77449.76,22.5,12/23/2019
479,Hermione,Tookill,htookillda@wordpress.com,Female,63073.14,704.42,27.15,4/22/2020
480,Jarvis,Bowering,,Male,49357.06,81302.51,20.71,12/15/2019
481,Cindee,Goadbie,cgoadbiedc@guardian.co.uk,Female,96230.33,21127.26,28.66,3/2/2020
482,Guillermo,Adami,gadamidd@virginia.edu,Male,61540.48,97793.41,17.47,11/27/2019
483,Randall,Bohlje,rbohljede@biblegateway.com,Male,88194.92,87467.08,16.99,5/23/2019
484,Jobina,Zannotti,jzannottidf@tumblr.com,Female,68158.59,89412.52,29.08,9/1/2019
485,Wenonah,Pepperell,wpepperelldg@xinhuanet.com,Female,71476.58,49374.93,4.44,3/30/2020
486,Creigh,Pittman,cpittmandh@live.com,Male,10759.34,65992.91,26.55,11/8/2019
487,Vernor,Jeannot,vjeannotdi@digg.com,Male,95726.4,83619.44,19.9,6/7/2019
488,Ali,Stollenhof,astollenhofdj@soundcloud.com,Male,28208.03,,12.89,8/28/2019
489,Shurwood,Konzel,skonzeldk@cafepress.com,Male,6450.39,66784.0,8.88,4/1/2020
490,Drud,Jeckell,djeckelldl@twitter.com,Male,24701.64,83183.68,17.79,10/27/2019
491,Blane,Cockran,bcockrandm@squarespace.com,Male,42787.51,72543.41,10.52,12/20/2019
492,Jilleen,Forsbey,jforsbeydn@stanford.edu,Female,88620.49,48481.65,9.23,8/19/2019
493,Scotti,Leser,sleserdo@furl.net,Male,11346.79,37015.88,29.13,5/6/2019
494,Kenneth,Clausen,kclausendp@acquirethisname.com,Male,1590.65,94060.09,4.44,5/9/2019
495,Pooh,Hasluck,phasluckdq@admin.ch,Female,94285.53,92401.51,26.71,10/8/2019
496,Dwain,Lashmar,dlashmardr@google.pl,Male,9806.58,64488.06,20.35,8/20/2019
497,Conny,Farmer,,Female,79311.09,50226.6,21.42,6/10/2019
498,Mallissa,Khotler,mkhotlerdt@independent.co.uk,Female,99907.63,49850.33,27.58,5/28/2019
499,Leslie,Catherall,lcatheralldu@drupal.org,Female,32016.37,27382.63,3.26,10/5/2019
500,Consuelo,Lamborn,clamborndv@simplemachines.org,Female,81416.5,72358.87,25.54,4/29/2020
501,Dorian,Beddis,dbeddisdw@addthis.com,Male,16962.38,53811.01,17.25,5/13/2019
502,Madeleine,Cann,mcanndx@examiner.com,Female,51239.65,58469.29,10.17,8/30/2019
503,Gertrud,Thurbon,gthurbondy@ebay.co.uk,Female,51434.41,62591.35,22.94,7/22/2019
504,Doralynn,Syversen,dsyversendz@cornell.edu,Female,20477.78,97266.55,7.26,4/14/2020
505,Ines,Burgyn,iburgyne0@prnewswire.com,Female,84006.59,64800.54,28.77,12/24/2019
506,Francklin,Legen,flegene1@oakley.com,Male,87161.21,41104.9,4.87,1/16/2020
507,Jaynell,Gallyon,jgallyone2@tinyurl.com,Female,30532.93,92538.71,27.24,1/24/2020
508,Rhonda,Lindeberg,rlindeberge3@webeden.co.uk,Female,90428.12,38502.52,18.62,11/11/2019
509,Alic,Gaul,agaule4@ihg.com,Male,13072.75,89397.25,21.36,1/2/2020
510,Miguela,Cragell,mcragelle5@hao123.com,Female,85395.13,71724.46,28.26,11/27/2019
511,Trish,Dubery,tduberye6@wikia.com,Female,84332.98,12375.03,3.23,11/3/2019
512,Elisabeth,Dunning,edunninge7@mayoclinic.com,Female,92614.42,72904.63,4.82,5/4/2019
513,Ricki,Purdey,rpurdeye8@chronoengine.com,Male,92846.61,55633.15,16.98,2/13/2020
514,Koral,Napton,knaptone9@furl.net,Female,95986.44,6548.6,5.49,8/19/2019
515,Florina,Bridgement,fbridgementea@youtube.com,Female,69977.76,87406.36,12.89,10/28/2019
516,Indira,O'Hanlon,iohanloneb@indiegogo.com,Female,13351.15,92359.88,29.43,5/3/2020
517,Penelopa,Bevis,pbevisec@cbslocal.com,Female,60081.62,98192.9,18.17,11/2/2019
518,Moselle,Agate,magateed@prlog.org,Female,48358.07,12309.41,14.71,12/1/2019
519,Perice,Austen,paustenee@spotify.com,Male,56383.33,98434.0,16.79,11/15/2019
520,Ruby,Bisson,rbissonef@ucla.edu,Female,86337.0,42590.76,4.83,4/29/2020
521,Joel,Long,jlongeg@yandex.ru,Male,56505.08,87404.12,5.15,11/3/2019
522,Rosina,Reyburn,rreyburneh@tinypic.com,Female,68331.17,45641.41,3.18,5/25/2019
523,Carree,Tellenbach,ctellenbachei@youtu.be,Female,54555.4,10275.07,11.88,12/11/2019
524,Isiahi,Blues,ibluesej@de.vu,Male,61799.08,1206.97,29.5,11/12/2019
525,Blancha,Messham,bmesshamek@cnet.com,Female,57640.56,47776.86,11.7,8/6/2019
526,Rosemonde,Fossord,rfossordel@europa.eu,Female,45960.06,75226.7,18.68,8/30/2019
527,Mattie,Rimington,mrimingtonem@dot.gov,Male,41989.88,81718.19,24.29,9/17/2019
528,Teddie,Metrick,tmetricken@census.gov,Male,35701.1,20552.99,1.01,8/9/2019
529,Ignace,Quogan,iquoganeo@multiply.com,Male,60139.81,69123.42,5.31,9/11/2019
530,Edyth,Attoc,eattocep@buzzfeed.com,Female,71197.77,48504.31,14.74,8/12/2019
531,Cesar,Gannan,cgannaneq@xinhuanet.com,Male,21644.45,9114.25,21.16,4/22/2020
532,Wyn,Kildahl,wkildahler@umich.edu,Male,40390.59,40193.87,8.0,4/9/2020
533,Ashil,Samme,asammees@bizjournals.com,Female,25988.93,40839.29,27.12,12/23/2019
534,Stanfield,Crew,screwet@typepad.com,Male,22191.73,98683.93,10.06,11/26/2019
535,Bevon,Despenser,bdespensereu@cbsnews.com,Male,14383.34,90694.41,29.16,10/17/2019
536,Coleman,Hawkswood,chawkswoodev@blogs.com,Male,16719.98,66839.0,13.93,9/13/2019
537,Cristionna,Frossell,cfrossellew@gravatar.com,Female,92274.8,63706.63,25.79,12/15/2019
538,Rodrick,Mablestone,rmablestoneex@ucoz.com,Male,60647.73,53456.62,7.41,4/8/2020
539,Gerrie,Earlam,gearlamey@dell.com,Female,23712.28,76899.65,26.59,4/7/2020
540,Oralee,Fawcus,ofawcusez@berkeley.edu,Female,89505.32,52428.13,27.69,1/17/2020
541,Paloma,Burgott,pburgottf0@utexas.edu,Female,85143.0,1416.13,19.71,6/16/2019
542,Nadeen,Bront,nbrontf1@google.es,Female,53857.48,36280.26,11.86,7/14/2019
543,Bronny,Micheu,bmicheuf2@godaddy.com,Male,86907.64,91860.47,14.96,10/2/2019
544,Harmon,Kilbee,hkilbeef3@ameblo.jp,Male,62047.02,53654.14,21.23,2/4/2020
545,Patsy,Vatini,pvatinif4@independent.co.uk,Female,64558.03,83530.88,15.65,10/22/2019
546,Sid,Cecely,scecelyf5@wordpress.org,Male,33110.63,3068.26,5.67,2/6/2020
547,Berkley,Marler,bmarlerf6@independent.co.uk,Male,64716.81,98608.72,19.55,6/5/2019
548,Pierson,Rizzone,prizzonef7@a8.net,Male,25382.08,91943.83,22.55,3/17/2020
549,Florenza,Jenton,fjentonf8@reuters.com,Female,43967.24,461.78,22.47,4/1/2020
550,Correy,Simunek,csimunekf9@dot.gov,Female,26093.8,5522.47,25.79,5/20/2019
551,Larisa,Marjoribanks,lmarjoribanksfa@wunderground.com,Female,51621.28,89375.92,6.92,7/23/2019
552,Dolorita,Redmile,dredmilefb@youtube.com,Female,88568.23,60151.14,12.83,3/27/2020
553,Stuart,Lantaph,slantaphfc@reference.com,Male,36439.05,57412.82,4.06,5/12/2019
554,Eugenius,Tasch,etaschfd@shareasale.com,Male,55312.14,79243.4,13.75,2/19/2020
555,Gabie,Cheavin,gcheavinfe@uiuc.edu,Male,95884.32,85966.2,22.41,2/26/2020
556,Perl,MacInnes,pmacinnesff@gizmodo.com,Female,56524.18,1094.34,15.06,3/21/2020
557,Karola,Cheson,kchesonfg@360.cn,Female,54325.6,19863.07,8.77,10/8/2019
558,Dew,Mariyushkin,dmariyushkinfh@example.com,Male,32920.65,23799.45,20.94,6/7/2019
559,Sansone,Nys,snysfi@pinterest.com,Male,18273.76,20351.33,17.49,3/2/2020
560,Zaccaria,Ralph,zralphfj@google.com,Male,5131.7,9657.53,23.64,12/24/2019
561,Kathy,Eastmond,keastmondfk@tinypic.com,Female,16067.5,64600.03,3.82,11/8/2019
562,Amargo,Jorge,ajorgefl@pagesperso-orange.fr,Female,45992.86,25541.91,13.38,4/23/2020
563,Kylen,Martyns,kmartynsfm@artisteer.com,Female,58707.46,55098.92,20.42,1/26/2020
564,Garry,Bowry,gbowryfn@rediff.com,Male,99649.06,85116.93,27.26,5/22/2019
565,Tris,Billin,tbillinfo@cdc.gov,Male,69178.89,46341.54,17.89,1/16/2020
566,El,Shrimpton,eshrimptonfp@de.vu,Male,4723.58,51972.45,16.73,6/29/2019
567,Mayne,Gother,mgotherfq@answers.com,Male,99561.16,48213.18,5.18,5/2/2019
568,Kailey,Pedrocco,kpedroccofr@rambler.ru,Female,32692.0,9704.43,23.78,12/14/2019
569,Averil,Sawart,asawartfs@home.pl,Male,1176.12,1632.66,24.63,2/7/2020
570,Kelcy,Firbanks,kfirbanksft@gnu.org,Female,89892.36,88794.59,1.5,2/2/2020
571,Mort,Emmerson,memmersonfu@altervista.org,Male,63615.16,11729.48,17.05,6/2/2019
572,Justinn,Danilyuk,jdanilyukfv@paginegialle.it,Female,96471.54,16254.36,25.93,11/17/2019
573,Kimmy,Gething,kgethingfw@godaddy.com,Female,26006.72,7488.21,27.16,1/7/2020
574,Corrie,Union,cunionfx@zdnet.com,Female,16460.22,67947.07,6.16,9/21/2019
575,Krishna,Berthot,kberthotfy@youtu.be,Male,57600.09,52969.25,17.88,6/17/2019
576,Reinaldo,Simmonite,rsimmonitefz@sourceforge.net,Male,46315.19,39867.31,29.24,9/28/2019
577,Giselbert,Peirazzi,gpeirazzig0@domainmarket.com,Male,79128.98,9756.19,4.07,11/23/2019
578,Lane,Gilhooly,lgilhoolyg1@sitemeter.com,Male,11872.6,32755.41,5.87,1/1/2020
579,Gwenni,Redmire,gredmireg2@wufoo.com,Female,99627.62,9781.03,1.66,4/5/2020
580,Jefferey,Geibel,jgeibelg3@bigcartel.com,Male,25021.9,76407.82,23.43,8/4/2019
581,Andriette,Ludovico,aludovicog4@histats.com,Female,18329.82,11194.5,21.42,4/11/2020
582,Calley,Quin,cquing5@reuters.com,Female,80464.04,58598.87,27.69,6/19/2019
583,Ruddie,Sapir,rsapirg6@imageshack.us,Male,40975.39,62728.83,9.99,12/11/2019
584,Marshall,Dahlman,mdahlmang7@usnews.com,Male,92679.28,74750.24,11.34,5/2/2020
585,Jazmin,Dilworth,jdilworthg8@addtoany.com,Female,20073.88,44797.74,18.83,8/13/2019
586,Bron,Denver,bdenverg9@ifeng.com,Male,21865.17,32752.29,5.06,5/18/2019
587,Toinette,Pimm,tpimmga@cyberchimps.com,Female,28559.05,924.67,20.69,12/9/2019
588,Merrill,Tarburn,mtarburngb@studiopress.com,Male,72291.14,44525.47,1.36,10/25/2019
589,Gery,Darracott,gdarracottgc@parallels.com,Male,29018.44,21292.4,15.23,1/24/2020
590,Nickie,Ply,nplygd@netvibes.com,Male,28699.9,74833.85,8.65,7/3/2019
591,Thekla,McGirr,tmcgirrge@cpanel.net,Female,71264.49,52282.32,5.31,9/7/2019
592,Flynn,Salle,fsallegf@cdc.gov,Male,99372.28,95508.95,22.31,2/7/2020
593,Erik,Caitlin,ecaitlingg@ft.com,Male,93240.74,16046.42,30.0,12/16/2019
594,Evin,Banasevich,ebanasevichgh@washington.edu,Male,47924.36,8875.74,26.59,1/11/2020
595,Christabella,De Domenico,cdedomenicogi@g.co,Female,56434.42,69862.01,16.08,11/19/2019
596,Elsworth,Davidovici,edavidovicigj@ifeng.com,Male,73515.25,76642.47,8.93,4/10/2020
597,Guillemette,Olivelli,golivelligk@jiathis.com,Female,952.5,48233.57,23.48,1/16/2020
598,Kimberlee,Pichan,kpichangl@ca.gov,Female,83354.8,78287.19,14.89,9/12/2019
599,Mitzi,Froschauer,mfroschauergm@google.co.jp,Female,64585.96,79840.37,13.77,8/17/2019
600,Betteann,Skin,bskingn@baidu.com,Female,47693.07,3240.03,16.41,1/25/2020
601,Jone,Cumbers,jcumbersgo@nba.com,Male,11938.79,8720.23,1.45,6/22/2019
602,Tracey,Sissland,tsisslandgp@foxnews.com,Male,29241.52,2853.63,23.18,6/18/2019
603,Kiley,Bolding,kboldinggq@mashable.com,Male,88499.82,58375.07,18.27,12/30/2019
604,Dniren,Watkin,dwatkingr@wunderground.com,Female,89353.55,76413.45,29.14,1/15/2020
605,Dionne,Gobat,dgobatgs@ed.gov,Female,15659.8,40007.79,27.7,11/27/2019
606,Vernice,Fitzhenry,vfitzhenrygt@tinyurl.com,Female,98372.41,13877.81,15.18,8/20/2019
607,Pavel,Hurles,phurlesgu@wired.com,Male,17254.15,86587.65,28.54,10/29/2019
608,Dag,Tordiffe,dtordiffegv@aboutads.info,Male,46842.63,65251.43,20.22,12/15/2019
609,Celka,Vanyushin,cvanyushingw@vimeo.com,Female,54999.25,4458.52,13.39,8/13/2019
610,Nap,MacCawley,nmaccawleygx@umich.edu,Male,24271.21,95861.22,11.87,1/6/2020
611,Jourdan,Lavin,jlavingy@altervista.org,Female,25200.94,7574.62,3.7,8/16/2019
612,Nanice,Fodden,nfoddengz@sourceforge.net,Female,82092.17,7410.79,22.25,3/5/2020
613,Justis,Reston,jrestonh0@toplist.cz,Male,39994.02,24299.81,18.98,7/23/2019
614,Garold,Philippson,gphilippsonh1@ed.gov,Male,98752.59,2789.64,11.35,2/3/2020
615,Sayres,Rembrant,srembranth2@newyorker.com,Male,45150.09,57570.9,15.42,3/12/2020
616,Rakel,Guage,rguageh3@google.co.uk,Female,71701.21,92439.95,27.9,12/22/2019
617,Sal,Brazener,sbrazenerh4@storify.com,Male,57303.62,55050.76,2.72,7/9/2019
618,Noah,Allbut,nallbuth5@craigslist.org,Male,13426.7,55435.05,2.06,1/14/2020
619,Sanson,Nayer,snayerh6@edublogs.org,Male,97360.85,18194.13,2.68,10/14/2019
620,Leonhard,Maskew,lmaskewh7@sun.com,Male,25476.85,27890.1,11.55,2/8/2020
621,Orran,Meddick,omeddickh8@e-recht24.de,Male,95778.89,91500.23,23.34,7/2/2019
622,Shelden,Landers,slandersh9@wsj.com,Male,71301.83,94825.33,2.13,12/8/2019
623,Ermanno,Stubbin,estubbinha@posterous.com,Male,37942.99,65674.49,19.21,4/27/2020
624,Farr,Dank,fdankhb@google.pl,Male,27652.82,36318.76,22.79,5/14/2019
625,Eudora,Whettleton,ewhettletonhc@about.com,Female,73618.64,20647.09,20.83,10/4/2019
626,Brenda,Deighan,,Female,48923.26,18201.78,16.18,5/19/2019
627,Sheena,Checci,scheccihe@github.io,Female,34470.43,88245.8,6.86,12/17/2019
628,Adrian,Coan,acoanhf@webeden.co.uk,Female,6257.73,4817.71,15.62,4/10/2020
629,Payton,Bockmann,pbockmannhg@illinois.edu,Male,34541.55,46077.07,14.47,5/26/2019
630,Pennie,Wiltshaw,pwiltshawhh@tuttocitta.it,Female,62112.66,,13.47,2/19/2020
631,Killy,Clarke,kclarkehi@walmart.com,Male,44177.85,3770.19,23.73,1/30/2020
632,Antone,Du Hamel,aduhamelhj@e-recht24.de,Male,7062.27,27734.26,17.78,12/11/2019
633,Lynnet,Merrigans,lmerriganshk@hao123.com,Female,86800.78,32721.57,16.59,3/22/2020
634,Leonard,Ankrett,,Male,81821.37,17364.49,9.2,1/16/2020
635,Lizabeth,Koschek,lkoschekhm@networkadvertising.org,Female,12873.68,83911.59,24.63,7/17/2019
636,Janeczka,Chessel,,Female,6327.74,93031.57,14.46,3/16/2020
637,Kane,Toolin,ktoolinho@ftc.gov,Male,10620.24,41774.36,13.31,5/16/2019
638,Evonne,Syratt,esyratthp@gizmodo.com,Female,10536.25,17353.72,9.29,5/5/2019
639,Ashlan,Ledgister,aledgisterhq@rakuten.co.jp,Female,94665.17,8425.35,3.42,11/13/2019
640,Janela,Sporgeon,jsporgeonhr@ycombinator.com,Female,69032.96,81984.7,17.55,6/17/2019
641,Lukas,Standbridge,lstandbridgehs@arstechnica.com,Male,86959.86,34154.09,14.8,2/22/2020
642,Gui,Kinforth,,Female,682.82,35570.95,29.49,3/3/2020
643,Hamel,Karlqvist,hkarlqvisthu@shutterfly.com,Male,82884.89,11416.5,1.23,5/28/2019
644,Mellie,Kleeborn,mkleebornhv@cbslocal.com,Female,88283.14,84009.25,5.17,3/5/2020
645,Cilka,Hehir,chehirhw@tripod.com,Female,48124.13,94996.77,11.42,1/3/2020
646,Hobart,Ambroix,hambroixhx@unblog.fr,Male,85474.63,54913.1,6.47,8/25/2019
647,Aurilia,Baumadier,abaumadierhy@typepad.com,Female,54852.16,7898.33,12.51,3/31/2020
648,Roanne,Cossar,rcossarhz@berkeley.edu,Female,10871.09,74829.65,1.36,3/10/2020
649,Bernie,Sowersby,bsowersbyi0@smugmug.com,Female,88569.32,11445.58,21.54,5/7/2019
650,Larisa,Yell,lyelli1@bloglines.com,Female,64763.82,28986.72,29.12,1/4/2020
651,Adolf,Littleproud,alittleproudi2@zimbio.com,Male,71621.31,35.87,23.64,6/7/2019
652,Kevon,Daleman,kdalemani3@flavors.me,Male,1057.53,71644.7,5.47,1/11/2020
653,Estele,Whittier,ewhittieri4@virginia.edu,Female,44272.22,80595.96,26.95,1/10/2020
654,Allyn,Kisbey,akisbeyi5@delicious.com,Female,45878.57,94359.37,14.84,6/28/2019
655,Hedwiga,Gislebert,hgisleberti6@dropbox.com,Female,77791.36,98632.87,14.5,9/22/2019
656,Giacomo,Tredinnick,gtredinnicki7@patch.com,Male,68189.89,87976.76,13.03,12/17/2019
657,Doug,Spadari,dspadarii8@meetup.com,Male,83414.02,79581.46,29.57,3/2/2020
658,Jdavie,Ellett,jelletti9@cmu.edu,Male,39007.95,44648.17,18.55,6/13/2019
659,Shayne,Butland,sbutlandia@senate.gov,Male,81630.33,5215.22,28.83,7/25/2019
660,Edeline,Dunstan,edunstanib@sogou.com,Female,38782.41,42478.98,15.97,4/14/2020
661,Jan,Wasiel,jwasielic@wunderground.com,Male,52666.73,62213.03,5.68,6/3/2019
662,Sonia,Odgers,sodgersid@usatoday.com,Female,99914.72,2642.28,18.62,11/26/2019
663,Dicky,Milbank,dmilbankie@yelp.com,Male,51904.34,40117.14,29.22,4/13/2020
664,Tracy,Urlin,turlinif@fema.gov,Male,31126.67,10558.21,8.63,3/19/2020
665,Earlie,Bloxham,ebloxhamig@aol.com,Male,54101.98,50148.78,23.24,10/15/2019
666,Fremont,Iacovazzi,fiacovazziih@i2i.jp,Male,74589.11,53145.44,20.93,6/16/2019
667,Betta,Finney,bfinneyii@fastcompany.com,Female,63606.79,5405.95,22.65,6/11/2019
668,Red,Dreus,rdreusij@mtv.com,Male,19289.44,3516.4,2.85,6/20/2019
669,Yorke,Habbert,yhabbertik@blog.com,Male,78973.64,90336.57,11.6,7/21/2019
670,Adelaida,Wallage,awallageil@biglobe.ne.jp,Female,1265.73,4574.04,17.15,7/1/2019
671,Dacie,Keir,dkeirim@wsj.com,Female,54573.55,7722.68,18.66,4/17/2020
672,Orland,Stacy,ostacyin@fc2.com,Male,70881.89,67120.05,10.55,6/9/2019
673,Ulberto,Guiduzzi,uguiduzziio@exblog.jp,Male,63238.68,37944.42,17.47,4/3/2020
674,Shandee,Bonnar,sbonnarip@scribd.com,Female,38296.11,69891.12,3.91,10/31/2019
675,Gradeigh,Matijevic,gmatijeviciq@trellian.com,Male,4264.75,27139.28,12.99,12/11/2019
676,Munmro,McCluin,mmccluinir@yahoo.co.jp,Male,74637.58,61764.97,1.67,10/11/2019
677,Dionis,Costellow,dcostellowis@ft.com,Female,96560.51,54608.84,17.04,1/14/2020
678,Felicia,Daniely,fdanielyit@huffingtonpost.com,Female,63639.27,19618.69,5.36,10/29/2019
679,Frank,Budgen,fbudgeniu@issuu.com,Male,12482.54,65315.88,6.22,9/29/2019
680,Neil,Brome,nbromeiv@rediff.com,Male,73778.49,34444.69,3.19,6/7/2019
681,Jacki,Bresnen,jbresneniw@google.it,Female,25864.18,97277.21,14.51,5/27/2019
682,Lilla,MacMeeking,lmacmeekingix@vk.com,Female,18884.48,80033.21,29.05,7/5/2019
683,Annie,Whorf,awhorfiy@discovery.com,Female,10582.52,40107.22,5.94,9/30/2019
684,Hermine,List,hlistiz@geocities.jp,Female,99004.26,6697.64,28.28,12/26/2019
685,Siegfried,Wellum,swellumj0@jigsy.com,Male,21108.18,92658.51,17.42,8/29/2019
686,Jacki,Lade,jladej1@ehow.com,Female,87251.83,24036.71,15.63,11/21/2019
687,Heather,Davitt,hdavittj2@slideshare.net,Female,58738.73,86053.75,12.81,5/20/2019
688,Dionisio,Craggs,dcraggsj3@woothemes.com,Male,46499.36,,22.01,11/8/2019
689,Odelia,Marrill,omarrillj4@lycos.com,Female,4767.44,88839.78,7.15,5/13/2019
690,Deborah,Haugh,dhaughj5@smh.com.au,Female,805.75,17643.08,1.69,10/30/2019
691,Jaquelyn,Tschursch,,Female,32027.9,45903.21,19.95,11/4/2019
692,Morey,Monkeman,mmonkemanj7@springer.com,Male,56542.17,28040.49,28.79,5/8/2019
693,Audre,Varvell,avarvellj8@drupal.org,Female,88947.07,736.06,14.74,6/3/2019
694,Baxy,Nesterov,,Male,49724.93,41306.9,6.05,8/21/2019
695,Luci,Kincey,lkinceyja@tripod.com,Female,98048.14,30547.42,29.63,7/12/2019
696,Keith,Eynald,keynaldjb@usnews.com,Male,54761.79,33908.15,4.87,9/29/2019
697,Mickie,Delagua,mdelaguajc@cmu.edu,Male,32068.83,1364.82,26.72,11/1/2019
698,Chaunce,Borsi,cborsijd@yahoo.co.jp,Male,52874.38,48069.06,20.41,1/11/2020
699,Emmeline,Blowin,eblowinje@chicagotribune.com,Female,88763.0,46843.9,18.54,11/2/2019
700,Zonda,Wadeling,zwadelingjf@skype.com,Female,80496.35,54810.28,5.49,8/3/2019
701,Adan,Rendle,arendlejg@booking.com,Female,77494.98,,19.36,6/1/2019
702,Ibby,Allflatt,iallflattjh@nba.com,Female,86425.86,21058.98,29.56,5/31/2019
703,Cece,Gissing,cgissingji@webs.com,Male,1873.65,26776.04,29.04,8/14/2019
704,Derwin,Calbreath,dcalbreathjj@princeton.edu,Male,53576.18,54032.12,20.83,10/25/2019
705,Myrwyn,Williscroft,mwilliscroftjk@opera.com,Male,63740.25,59669.83,22.93,9/14/2019
706,Ingar,Duffet,iduffetjl@admin.ch,Male,71251.4,87090.66,17.15,5/22/2019
707,Kalinda,Joffe,kjoffejm@flickr.com,Female,11978.39,26735.79,16.59,2/17/2020
708,Daisy,Domanek,ddomanekjn@smh.com.au,Female,40362.22,81333.25,8.0,12/5/2019
709,Hanna,Vernham,hvernhamjo@rakuten.co.jp,Female,74993.69,1753.06,22.06,3/24/2020
710,Farleigh,Feehan,ffeehanjp@auda.org.au,Male,86875.69,3342.0,28.41,1/22/2020
711,Jamey,Hugh,jhughjq@webs.com,Male,9720.32,91577.0,20.33,4/23/2020
712,Darell,Ilyas,dilyasjr@wikia.com,Female,54053.31,62619.87,24.37,9/26/2019
713,Roy,Gieves,rgievesjs@amazon.co.uk,Male,2278.92,45226.79,8.13,11/2/2019
714,Cyndy,Gull,cgulljt@unblog.fr,Female,96938.33,41110.08,23.34,4/12/2020
715,Alonso,Lindroos,alindroosju@cbslocal.com,Male,78736.77,41478.87,8.38,2/11/2020
716,Nick,Dovey,,Male,55658.71,94968.51,9.51,3/27/2020
717,Almeda,Crampsey,,Female,83009.75,70183.1,5.08,4/24/2020
718,Christye,Conyard,cconyardjx@hibu.com,Female,92018.69,90131.4,13.54,6/13/2019
719,Sephira,Press,spressjy@ox.ac.uk,Female,42305.56,81740.68,22.28,2/26/2020
720,Franciska,Lavigne,flavignejz@gnu.org,Female,5962.86,53949.72,20.63,11/24/2019
721,Arluene,Chedzoy,achedzoyk0@wix.com,Female,55629.99,13672.31,28.73,3/29/2020
722,Perla,Fairclough,pfaircloughk1@nba.com,Female,2701.93,,13.23,12/8/2019
723,Graham,Goodall,ggoodallk2@nbcnews.com,Male,93499.78,6618.78,28.04,7/21/2019
724,Deane,Siege,dsiegek3@theglobeandmail.com,Female,1815.2,39386.75,17.64,7/26/2019
725,Laurella,Halworth,lhalworthk4@ucoz.com,Female,27691.81,93989.62,9.41,4/29/2020
726,Glenn,Dunkinson,gdunkinsonk5@ebay.com,Female,29781.05,87235.0,7.71,3/31/2020
727,Delmer,Doiley,ddoileyk6@skype.com,Male,96511.59,75560.78,19.97,6/18/2019
728,Al,Chidwick,achidwickk7@shinystat.com,Male,68813.7,33872.1,21.9,8/30/2019
729,Ellene,Poznan,epoznank8@360.cn,Female,13748.68,15815.59,19.3,3/23/2020
730,Irwinn,Roselli,irosellik9@bravesites.com,Male,14254.88,,16.37,6/14/2019
731,Kamilah,Murray,kmurrayka@tmall.com,Female,86861.17,21218.2,11.05,8/13/2019
732,Kayley,Kerrich,kkerrichkb@amazon.co.uk,Female,25382.02,55339.96,11.41,10/11/2019
733,Kissee,Snowball,ksnowballkc@mapy.cz,Female,8869.97,55832.99,25.55,4/25/2020
734,Sofie,Beedell,sbeedellkd@unc.edu,Female,97894.73,89137.6,2.97,12/14/2019
735,Susann,Lardier,slardierke@virginia.edu,Female,9980.87,51808.68,28.11,6/11/2019
736,Goldarina,Popland,,Female,49482.88,57842.28,14.89,6/9/2019
737,Gaynor,Loosmore,gloosmorekg@salon.com,Female,29317.67,63677.92,11.14,3/25/2020
738,Emalia,Michelmore,emichelmorekh@t-online.de,Female,12770.59,35347.28,29.82,11/1/2019
739,Beltran,Ivanenkov,bivanenkovki@macromedia.com,Male,4226.38,58363.86,13.39,5/14/2019
740,Arron,McMoyer,amcmoyerkj@storify.com,Male,89560.35,67634.14,22.55,11/2/2019
741,Cull,Klimkowski,cklimkowskikk@topsy.com,Male,82580.0,62608.07,7.92,12/22/2019
742,Adelind,Gipps,agippskl@howstuffworks.com,Female,62148.11,16537.63,9.73,10/7/2019
743,Donavon,Retchford,dretchfordkm@hostgator.com,Male,39684.31,18018.88,12.5,11/10/2019
744,Stephen,Spata,sspatakn@wikia.com,Male,95361.45,59151.05,10.28,7/28/2019
745,Ches,Clemerson,cclemersonko@opera.com,Male,51192.05,38881.83,18.34,6/1/2019
746,Steffane,Tonkinson,stonkinsonkp@ed.gov,Female,86492.14,16214.08,17.4,12/14/2019
747,Hastie,Dabbs,hdabbskq@yahoo.com,Male,95335.25,29036.43,27.94,9/22/2019
748,Jacques,Corke,jcorkekr@princeton.edu,Male,66458.45,61892.78,15.67,7/16/2019
749,Ernst,Zambonini,ezamboniniks@hhs.gov,Male,70643.4,43806.13,17.87,8/20/2019
750,Riki,Ondrousek,rondrousekkt@wsj.com,Female,28749.93,2260.44,18.17,10/24/2019
751,Mel,Danilchenko,mdanilchenkoku@uol.com.br,Male,3857.17,52061.35,4.58,2/13/2020
752,Kathy,Wanklyn,kwanklynkv@cam.ac.uk,Female,96807.27,4080.49,25.68,11/22/2019
753,Skelly,Eim,seimkw@geocities.jp,Male,43167.71,45916.62,4.98,3/3/2020
754,Alyce,Adriani,,Female,81111.03,34154.19,12.47,10/16/2019
755,Kyla,Speedin,kspeedinky@ed.gov,Female,25785.0,79645.04,19.7,7/10/2019
756,Darleen,Knipe,dknipekz@nature.com,Female,764.82,23683.26,9.76,3/13/2020
757,Norman,Gavaran,ngavaranl0@hao123.com,Male,77486.75,82958.92,25.71,2/8/2020
758,Garrot,Aveyard,gaveyardl1@etsy.com,Male,45742.63,82957.67,9.79,10/27/2019
759,Rosemaria,Summerfield,rsummerfieldl2@printfriendly.com,Female,9088.26,28533.89,8.1,9/25/2019
760,Fifi,Perillio,fperilliol3@deliciousdays.com,Female,53426.16,7939.97,8.25,8/8/2019
761,Lidia,Hellwing,lhellwingl4@netlog.com,Female,82606.38,52741.84,14.13,8/10/2019
762,Adi,Ollerhad,aollerhadl5@rambler.ru,Female,78181.58,82755.42,25.0,11/10/2019
763,Benjamin,Anders,bandersl6@networkadvertising.org,Male,27679.48,82863.71,18.96,5/2/2019
764,Malchy,Jouannin,mjouanninl7@jigsy.com,Male,98153.56,86867.87,7.92,9/30/2019
765,Olva,Mordie,omordiel8@toplist.cz,Female,73419.27,3361.14,13.78,4/18/2020
766,Roddie,Meaker,rmeakerl9@diigo.com,Male,29369.07,80120.01,10.17,6/25/2019
767,Carmen,Bennedsen,cbennedsenla@hc360.com,Female,42599.66,42677.51,11.46,4/23/2020
768,Megan,Thaim,mthaimlb@networksolutions.com,Female,71410.8,96837.03,15.39,8/12/2019
769,Gaylene,Iles,gileslc@goodreads.com,Female,97257.59,64402.12,22.79,10/28/2019
770,Denney,Wherton,dwhertonld@upenn.edu,Male,79363.76,26853.13,29.81,1/25/2020
771,Tiena,Elgram,telgramle@hexun.com,Female,39763.32,90997.85,21.54,9/25/2019
772,Olag,D'Almeida,,Male,48715.71,54091.87,18.03,11/21/2019
773,Alec,Iacopo,aiacopolg@slideshare.net,Male,69982.4,67531.79,22.31,6/12/2019
774,Ray,Craighead,rcraigheadlh@mayoclinic.com,Female,3712.65,79055.6,1.91,7/12/2019
775,Alexis,Pidgeon,apidgeonli@ft.com,Female,3581.73,55437.5,15.08,11/4/2019
776,Birch,Yarwood,byarwoodlj@google.cn,Male,98808.06,83959.3,22.91,12/26/2019
777,Albie,Peltzer,apeltzerlk@hexun.com,Male,67434.51,28786.19,23.79,1/9/2020
778,Kristine,Audibert,kaudibertll@utexas.edu,Female,15860.22,39170.65,9.75,10/15/2019
779,Gaspard,Spenley,gspenleylm@latimes.com,Male,84392.33,15336.73,18.7,12/9/2019
780,Leicester,Eagar,leagarln@storify.com,Male,6365.05,92573.22,12.09,4/19/2020
781,Taite,Pay,tpaylo@umn.edu,Male,45.85,72748.27,25.32,10/15/2019
782,Margaretta,Matteacci,mmatteaccilp@vimeo.com,Female,30646.97,60020.66,2.82,8/29/2019
783,Gabie,Tesseyman,gtesseymanlq@kickstarter.com,Male,14774.26,9744.81,23.76,5/16/2019
784,Putnam,Boydell,pboydelllr@blog.com,Male,54419.94,86923.11,28.22,2/20/2020
785,Thebault,Paulusch,tpauluschls@reference.com,Male,6369.34,78894.46,29.27,5/5/2019
786,Abbi,Tamburi,atamburilt@jugem.jp,Female,19108.2,8698.9,9.42,12/29/2019
787,Farlay,Mourge,fmourgelu@photobucket.com,Male,3642.96,23405.69,7.31,11/16/2019
788,Antone,Venable,avenablelv@booking.com,Male,32960.06,9970.69,25.06,10/24/2019
789,Mohandis,Parmenter,mparmenterlw@wordpress.com,Male,17839.9,77637.7,8.18,5/6/2019
790,Price,Gullyes,pgullyeslx@joomla.org,Male,53446.17,7289.02,28.35,6/11/2019
791,Ruperto,Eastham,reasthamly@acquirethisname.com,Male,79994.4,20527.18,14.81,8/2/2019
792,Mariann,Lambeth,mlambethlz@dion.ne.jp,Female,3001.97,4193.12,26.98,2/17/2020
793,Karine,Attack,kattackm0@reuters.com,Female,14606.26,70374.89,16.3,9/3/2019
794,Ricoriki,Hawse,rhawsem1@opera.com,Male,24805.95,89548.78,22.86,8/3/2019
795,Hershel,Greening,hgreeningm2@nymag.com,Male,2513.92,21687.63,22.09,3/26/2020
796,Upton,Noquet,unoquetm3@theguardian.com,Male,23615.0,43501.0,8.52,1/28/2020
797,Lucie,Moquin,lmoquinm4@alexa.com,Female,5561.08,61728.5,9.02,5/6/2019
798,Agretha,Postance,apostancem5@google.co.uk,Female,384.72,74652.28,24.44,3/19/2020
799,Delaney,Scully,dscullym6@tiny.cc,Male,89303.85,47571.22,11.28,5/17/2019
800,Adora,Lyons,alyonsm7@mayoclinic.com,Female,92601.23,174.36,24.75,10/15/2019
801,Lorin,Norsister,lnorsisterm8@chicagotribune.com,Male,77555.29,78248.48,8.32,8/9/2019
802,Domini,Ryal,dryalm9@youtube.com,Female,20031.93,32205.85,12.56,2/2/2020
803,Paule,Mathewes,pmathewesma@seesaa.net,Female,95033.8,2010.49,24.52,12/1/2019
804,Ellyn,Sterling,esterlingmb@phpbb.com,Female,41838.97,37976.35,17.32,6/29/2019
805,Susann,Yegorchenkov,syegorchenkovmc@twitter.com,Female,40517.86,37956.27,22.73,1/10/2020
806,Mord,Whelband,mwhelbandmd@diigo.com,Male,57047.29,95168.66,26.18,11/21/2019
807,Tybi,Zecchetti,tzecchettime@tinypic.com,Female,53980.46,72064.07,26.92,7/28/2019
808,Damien,Found,dfoundmf@weebly.com,Male,55275.53,27608.35,23.17,12/25/2019
809,Filide,Billin,fbillinmg@joomla.org,Female,53496.72,59951.64,18.52,11/5/2019
810,Deena,Vanyutin,dvanyutinmh@wix.com,Female,54480.42,23584.39,19.2,2/25/2020
811,Birk,Taffie,btaffiemi@nymag.com,Male,59822.54,36805.87,10.35,12/2/2019
812,Porty,Bavidge,pbavidgemj@ning.com,Male,60837.21,24376.43,3.11,9/29/2019
813,Townsend,Habble,thabblemk@google.pl,Male,58281.27,42414.29,24.61,10/29/2019
814,Moss,Cuerda,mcuerdaml@paginegialle.it,Male,90271.93,54364.67,3.47,12/14/2019
815,Ynez,Glasheen,yglasheenmm@narod.ru,Female,42714.96,20630.34,14.27,10/12/2019
816,Lock,Gribbin,lgribbinmn@jimdo.com,Male,89219.4,69218.39,19.17,1/4/2020
817,Chicky,Rainbow,crainbowmo@nsw.gov.au,Female,46138.3,67544.72,12.59,1/2/2020
818,Allyce,Orvis,aorvismp@buzzfeed.com,Female,64668.94,20990.48,6.92,6/12/2019
819,Spenser,Keeting,skeetingmq@photobucket.com,Male,37377.97,41456.85,5.03,2/29/2020
820,Hervey,Dooland,hdoolandmr@bbb.org,Male,48157.95,25703.14,7.43,5/9/2019
821,Rick,Reuben,rreubenms@multiply.com,Male,41805.56,59376.54,17.77,10/7/2019
822,Camella,Canedo,ccanedomt@nsw.gov.au,Female,29629.67,50432.38,14.63,6/1/2019
823,Antons,Dargue,adarguemu@meetup.com,Male,5287.77,32582.19,22.38,11/29/2019
824,Donall,Priddey,dpriddeymv@marketwatch.com,Male,44408.96,38411.68,12.1,5/29/2019
825,Merill,Peirazzi,mpeirazzimw@sakura.ne.jp,Male,73428.74,96035.13,1.81,3/13/2020
826,Raimondo,Rowcliffe,rrowcliffemx@weebly.com,Male,7382.57,29711.94,16.68,12/28/2019
827,Ajay,Dowdam,adowdammy@nationalgeographic.com,Female,28320.11,2139.65,14.28,12/26/2019
828,Peterus,Cushelly,pcushellymz@europa.eu,Male,93103.55,52967.4,26.01,8/9/2019
829,Lorilyn,Newband,lnewbandn0@hexun.com,Female,8798.87,25304.34,28.16,8/2/2019
830,Raquel,MacNeish,rmacneishn1@nymag.com,Female,61094.02,90435.81,23.7,11/2/2019
831,Selle,Cooney,scooneyn2@princeton.edu,Female,16171.6,13825.67,23.36,3/31/2020
832,Karil,Kiezler,kkiezlern3@dyndns.org,Female,93022.79,8231.04,1.8,9/17/2019
833,Christopher,Ambrodi,cambrodin4@cbsnews.com,Male,49141.78,13618.27,10.87,7/13/2019
834,Karolina,Toy,ktoyn5@opera.com,Female,69219.27,33755.34,3.52,2/9/2020
835,Cathryn,Rymmer,crymmern6@census.gov,Female,18157.25,28586.0,9.42,5/6/2019
836,Georgine,Hamon,ghamonn7@oakley.com,Female,88290.35,25744.18,12.49,2/9/2020
837,Joy,Panchin,jpanchinn8@spotify.com,Female,37371.27,63207.41,27.79,4/9/2020
838,Carlita,Pegram,cpegramn9@hhs.gov,Female,24113.99,70565.7,3.08,4/3/2020
839,Hilary,Congreave,hcongreavena@hostgator.com,Female,59122.41,47369.41,12.53,3/4/2020
840,Nehemiah,Lyven,nlyvennb@spotify.com,Male,16018.56,18418.54,5.48,12/13/2019
841,Claudius,Bonsul,cbonsulnc@scientificamerican.com,Male,78355.23,69369.94,5.4,7/4/2019
842,Ekaterina,Lemerie,elemeriend@craigslist.org,Female,280.2,46186.78,3.23,2/9/2020
843,Yolanda,Dingle,ydinglene@netvibes.com,Female,85679.68,70353.0,17.55,3/3/2020
844,Kassie,Tschirschky,ktschirschkynf@usnews.com,Female,71244.19,94328.45,5.51,6/12/2019
845,Bertine,Mulloch,bmullochng@surveymonkey.com,Female,70823.05,61440.03,6.78,10/8/2019
846,Brittan,Attride,battridenh@rakuten.co.jp,Female,26603.64,64706.3,7.01,7/31/2019
847,Antoine,Admans,aadmansni@springer.com,Male,88646.63,42557.06,13.5,6/15/2019
848,Stephen,Tregien,stregiennj@columbia.edu,Male,97485.28,73579.4,16.2,2/26/2020
849,Sergent,Radnedge,sradnedgenk@loc.gov,Male,63926.67,65421.96,20.85,12/7/2019
850,Salmon,Ovendon,sovendonnl@businessweek.com,Male,49014.17,49127.26,27.91,5/11/2019
851,Sarge,McKenzie,smckenzienm@berkeley.edu,Male,77035.99,57318.67,12.47,9/9/2019
852,Lilllie,Hirtz,lhirtznn@gizmodo.com,Female,85946.77,84102.83,17.21,3/7/2020
853,Dale,Bielfeldt,dbielfeldtno@g.co,Male,79808.66,6848.26,2.54,7/14/2019
854,Orrin,Jorden,ojordennp@mozilla.org,Male,27993.65,48102.34,5.44,6/5/2019
855,Marianna,Acreman,macremannq@devhub.com,Female,71779.09,16088.52,19.82,4/27/2020
856,Mackenzie,Ades,madesnr@sfgate.com,Male,300.97,26934.26,4.93,5/20/2019
857,Ingunna,Aronov,iaronovns@live.com,Female,48810.5,48985.64,3.65,1/8/2020
858,Justen,Hatherleigh,jhatherleighnt@theglobeandmail.com,Male,60710.32,34073.72,27.24,2/7/2020
859,Jeannine,Antonignetti,jantonignettinu@wired.com,Female,22945.12,84882.12,2.73,5/12/2019
860,Gwenneth,Putnam,gputnamnv@phoca.cz,Female,55022.17,88173.81,7.23,1/26/2020
861,Athene,Lomasney,alomasneynw@histats.com,Female,24705.23,30891.51,27.62,6/9/2019
862,Hubie,Knappitt,hknappittnx@sohu.com,Male,6847.03,49131.4,25.29,4/6/2020
863,Werner,Strangeway,wstrangewayny@earthlink.net,Male,32571.46,35371.59,6.57,1/23/2020
864,Lorens,Pearle,lpearlenz@ibm.com,Male,52172.5,50238.84,22.71,12/19/2019
865,Darryl,Willowby,dwillowbyo0@europa.eu,Male,90110.74,,5.57,11/14/2019
866,Christen,Pariso,cparisoo1@weibo.com,Female,34688.86,9635.9,27.89,9/17/2019
867,Brena,Dismore,bdismoreo2@flickr.com,Female,44858.9,14496.7,16.08,8/22/2019
868,Gene,Hellicar,ghellicaro3@icq.com,Male,54621.16,39867.97,23.96,9/21/2019
869,Jedediah,Joskowicz,jjoskowiczo4@bbb.org,Male,60435.77,39741.4,9.06,2/20/2020
870,Robb,Bosward,rboswardo5@vkontakte.ru,Male,72090.21,7026.08,19.07,3/7/2020
871,Rozella,Fargie,rfargieo6@house.gov,Female,95555.79,34992.21,24.31,1/27/2020
872,Agata,Twigge,atwiggeo7@ft.com,Female,89781.22,4875.5,11.16,7/15/2019
873,Margareta,Halgarth,mhalgartho8@youtube.com,Female,71093.55,72226.2,3.21,9/25/2019
874,Dunn,Deschlein,ddeschleino9@amazon.co.jp,Male,44822.55,56487.87,15.7,8/19/2019
875,Griffie,Olford,golfordoa@fema.gov,Male,95065.49,9195.66,20.62,7/15/2019
876,Bird,Sawkins,bsawkinsob@netscape.com,Female,2656.89,34927.18,26.27,6/3/2019
877,Lorettalorna,Lotterington,llotteringtonoc@newsvine.com,Female,87194.28,87580.76,27.21,2/8/2020
878,Dani,Everett,deverettod@sciencedaily.com,Female,88908.82,60076.83,24.77,3/4/2020
879,Bria,Rushmare,brushmareoe@netvibes.com,Female,54623.23,,27.53,11/17/2019
880,Norris,Morena,nmorenaof@artisteer.com,Male,80161.18,13919.58,25.95,4/6/2020
881,Kellsie,Elcocks,kelcocksog@flavors.me,Female,85290.14,49379.14,14.5,3/20/2020
882,Giusto,McGarahan,gmcgarahanoh@scribd.com,Male,11729.58,90020.06,29.02,11/26/2019
883,Malissa,Liddel,mliddeloi@state.tx.us,Female,56787.47,99948.91,22.28,1/2/2020
884,Iago,Marunchak,imarunchakoj@aol.com,Male,92011.49,52263.2,20.42,8/28/2019
885,Lilli,Ends,lendsok@friendfeed.com,Female,71491.06,44017.68,21.03,8/1/2019
886,Howey,Brimacombe,hbrimacombeol@booking.com,Male,17899.76,41747.6,22.71,11/29/2019
887,Benoit,Lambie,blambieom@reverbnation.com,Male,51410.51,51856.84,15.35,7/8/2019
888,Kiele,Baffin,kbaffinon@livejournal.com,Female,44728.28,45126.6,18.6,5/5/2019
889,Alanah,Perritt,aperrittoo@harvard.edu,Female,29277.62,19247.17,14.42,9/24/2019
890,Juliette,Sharpling,jsharplingop@sbwire.com,Female,9002.98,78996.76,27.31,10/7/2019
891,Melitta,Davy,mdavyoq@blogspot.com,Female,51532.51,99380.42,25.33,8/12/2019
892,Roth,Manjot,rmanjotor@ihg.com,Male,87855.13,73673.32,25.84,10/2/2019
893,Estele,Lukins,elukinsos@technorati.com,Female,15861.08,31111.24,19.37,2/8/2020
894,Jock,Grindall,jgrindallot@dot.gov,Male,79445.37,21557.43,4.21,10/27/2019
895,Alexandre,Ratcliff,aratcliffou@symantec.com,Male,71405.29,59477.69,8.68,3/22/2020
896,Omero,Mattocks,omattocksov@360.cn,Male,41288.42,47459.55,1.17,10/31/2019
897,Serge,Trotter,strotterow@t-online.de,Male,35243.01,33460.13,22.12,10/23/2019
898,Nefen,Brun,nbrunox@yellowbook.com,Male,7236.98,61405.35,16.94,5/12/2019
899,Elisha,Humblestone,ehumblestoneoy@so-net.ne.jp,Male,44446.87,66569.38,4.45,1/1/2020
900,Ali,Bolstridge,abolstridgeoz@i2i.jp,Female,95935.13,85587.1,13.45,10/14/2019
901,Wilbert,Delos,wdelosp0@last.fm,Male,68439.34,83003.52,2.0,7/2/2019
902,Ricky,Trow,rtrowp1@slideshare.net,Male,37235.75,10433.08,8.58,5/19/2019
903,Barret,Yashin,byashinp2@printfriendly.com,Male,55193.78,44627.42,12.13,10/7/2019
904,Ashlan,Thunderchief,athunderchiefp3@blogs.com,Female,35448.87,52328.01,13.41,3/19/2020
905,Fons,Giacovazzo,fgiacovazzop4@reference.com,Male,91181.38,12169.68,2.61,8/13/2019
906,Malchy,Colleran,mcolleranp5@eepurl.com,Male,98443.68,95791.71,8.56,10/5/2019
907,Eduard,Baack,ebaackp6@tmall.com,Male,47837.55,79707.17,19.3,7/11/2019
908,Rouvin,McOrkil,rmcorkilp7@smh.com.au,Male,31545.89,63223.75,20.88,5/13/2019
909,Baron,Duckerin,bduckerinp8@histats.com,Male,74252.42,93629.08,8.7,9/16/2019
910,Auroora,Grayson,agraysonp9@irs.gov,Female,61398.08,93563.91,28.5,1/24/2020
911,Nancey,Govenlock,ngovenlockpa@cpanel.net,Female,24508.72,86136.32,3.22,5/30/2019
912,Tomaso,Huckleby,thucklebypb@ucoz.ru,Male,84757.56,72082.13,23.33,1/9/2020
913,Evyn,Ivanishin,eivanishinpc@nps.gov,Male,11709.73,87677.12,15.01,10/4/2019
914,Gabby,Morde,gmordepd@go.com,Male,9768.3,33967.81,7.32,2/14/2020
915,Raleigh,Drewet,rdrewetpe@hhs.gov,Male,94466.16,46049.42,29.06,6/24/2019
916,Jamison,Brachell,jbrachellpf@yolasite.com,Male,67504.38,31981.06,15.28,6/21/2019
917,Junina,Boliver,jboliverpg@wired.com,Female,62278.93,2317.01,7.39,3/15/2020
918,Currey,Bortolutti,cbortoluttiph@nydailynews.com,Male,43489.19,45442.25,18.4,3/25/2020
919,Natty,Raffon,nraffonpi@wisc.edu,Male,86325.41,86121.96,3.09,10/6/2019
920,Taylor,De Hailes,tdehailespj@slate.com,Male,37079.38,66925.21,21.9,11/28/2019
921,Malory,Gallyon,mgallyonpk@geocities.com,Female,63905.67,86122.56,13.68,8/31/2019
922,Lorrie,Hanaby,lhanabypl@freewebs.com,Female,57947.27,42925.76,23.21,2/20/2020
923,Matthieu,Island,mislandpm@jalbum.net,Male,5715.62,66276.37,4.94,12/13/2019
924,Kean,Grose,kgrosepn@scribd.com,Male,6799.23,26878.86,5.91,6/18/2019
925,Janine,Lempke,jlempkepo@github.com,Female,7456.65,17904.48,3.85,5/13/2019
926,Krissy,Hember,khemberpp@apple.com,Female,43459.34,82414.72,21.68,3/11/2020
927,Kelci,Normavell,knormavellpq@google.co.uk,Female,25355.18,92881.28,19.2,2/29/2020
928,Terrance,Mosedall,tmosedallpr@chron.com,Male,22526.39,98626.37,21.6,2/5/2020
929,Bea,Adame,badameps@timesonline.co.uk,Female,57024.32,4284.04,29.18,10/19/2019
930,Maisey,Sims,msimspt@hao123.com,Female,50238.16,97052.96,4.37,6/14/2019
931,Davina,Patten,dpattenpu@trellian.com,Female,33923.96,29547.37,22.82,7/16/2019
932,Arni,Lackeye,alackeyepv@ovh.net,Male,34683.09,28616.51,5.52,7/13/2019
933,Alessandra,Topliss,atoplisspw@sfgate.com,Female,81345.71,60742.77,5.22,5/5/2019
934,Dusty,Willshire,dwillshirepx@rediff.com,Female,89432.32,29077.64,5.03,2/9/2020
935,Dwain,Melhuish,dmelhuishpy@ucsd.edu,Male,47322.75,44810.84,4.29,10/25/2019
936,Pauly,McNeilley,pmcneilleypz@xinhuanet.com,Male,38808.55,12371.97,17.96,2/25/2020
937,Nappie,Twyning,ntwyningq0@webnode.com,Male,98026.15,91440.84,26.12,7/23/2019
938,Slade,Cokely,scokelyq1@hugedomains.com,Male,43344.88,45961.35,16.02,9/29/2019
939,Arnuad,Courtonne,acourtonneq2@apple.com,Male,29163.7,76240.57,20.78,2/10/2020
940,Royce,McNab,rmcnabq3@gov.uk,Male,13441.16,67119.09,9.46,12/9/2019
941,Chiquia,Faragan,cfaraganq4@myspace.com,Female,60535.66,3272.39,16.05,3/5/2020
942,Calli,Pickton,cpicktonq5@gmpg.org,Female,10201.08,77880.94,3.9,4/24/2020
943,Man,Ubank,mubankq6@skyrock.com,Male,21707.5,4943.05,4.58,5/4/2019
944,Keefe,Pascall,kpascallq7@163.com,Male,81527.6,10605.92,5.49,1/25/2020
945,Merralee,Baumler,mbaumlerq8@deviantart.com,Female,90337.24,65752.69,4.75,9/10/2019
946,Nappie,Lindeman,nlindemanq9@people.com.cn,Male,99100.78,66069.96,20.86,2/16/2020
947,Alethea,Mewis,amewisqa@netvibes.com,Female,44540.7,10119.41,7.71,6/15/2019
948,Pauly,Mears,pmearsqb@e-recht24.de,Female,63392.44,34120.53,22.96,6/25/2019
949,Kipp,Kersaw,kkersawqc@oakley.com,Male,30756.93,675.21,12.99,5/19/2019
950,Marie-ann,Swalteridge,mswalteridgeqd@phpbb.com,Female,42935.7,197.56,24.54,1/1/2020
951,Dollie,Havelin,dhavelinqe@nature.com,Female,54702.1,21190.96,3.36,1/29/2020
952,Darla,Megainey,dmegaineyqf@51.la,Female,42725.52,89987.71,29.0,5/22/2019
953,Eileen,Franciotti,efranciottiqg@pinterest.com,Female,43304.98,47187.66,25.64,4/16/2020
954,Osborne,Hadlington,ohadlingtonqh@yandex.ru,Male,69967.01,31129.42,27.05,10/5/2019
955,Ruprecht,Nare,rnareqi@usatoday.com,Male,37397.66,75878.91,6.12,6/20/2019
956,Thaddeus,Amburgy,tamburgyqj@sfgate.com,Male,30156.45,86583.06,10.06,9/16/2019
957,Jackqueline,Ruse,jruseqk@biblegateway.com,Female,9061.95,92853.56,5.55,5/5/2019
958,Lovell,Welfair,lwelfairql@miibeian.gov.cn,Male,83673.77,25560.46,11.29,4/26/2020
959,Clovis,Dahlback,cdahlbackqm@ucsd.edu,Female,15141.26,99989.68,24.49,7/30/2019
960,Cary,Struttman,cstruttmanqn@topsy.com,Male,77342.36,92002.46,20.83,8/22/2019
961,Shermy,Knell,sknellqo@nytimes.com,Male,49979.4,99989.46,16.53,12/31/2019
962,Bennett,Taffurelli,btaffurelliqp@un.org,Male,19519.25,49463.65,21.35,5/9/2019
963,Gilligan,Boichat,gboichatqq@go.com,Female,73892.81,16162.38,7.08,10/5/2019
964,Lula,Zecchinelli,lzecchinelliqr@mozilla.com,Female,12882.81,62525.06,11.12,9/30/2019
965,Ingar,Crookston,icrookstonqs@parallels.com,Male,98672.55,43611.83,18.04,12/4/2019
966,Madelena,Ainsworth,mainsworthqt@hao123.com,Female,63291.97,8260.21,3.24,6/26/2019
967,Clyve,Meo,cmeoqu@elegantthemes.com,Male,32203.66,22275.47,13.23,8/16/2019
968,Joletta,Puxley,jpuxleyqv@ustream.tv,Female,22900.16,91503.44,23.55,4/11/2020
969,Tori,Brownlow,tbrownlowqw@mtv.com,Female,53048.58,70361.39,17.64,1/12/2020
970,Nichols,Bambery,nbamberyqx@seattletimes.com,Male,82932.14,28903.83,25.42,2/2/2020
971,Meryl,Asling,maslingqy@alibaba.com,Male,31560.95,33921.07,4.83,6/12/2019
972,Florry,Shuttell,fshuttellqz@gov.uk,Female,85137.99,63012.03,13.9,2/15/2020
973,Neill,Milberry,,Male,54541.64,87000.05,8.44,1/29/2020
974,Alexi,Dymock,adymockr1@loc.gov,Female,41919.65,9241.77,29.38,12/6/2019
975,Fawn,Kmieciak,fkmieciakr2@dailymail.co.uk,Female,86337.6,33184.17,24.72,10/3/2019
976,Arliene,Loveday,alovedayr3@miitbeian.gov.cn,Female,78621.44,14084.16,28.08,2/18/2020
977,Cam,Kettlesting,ckettlestingr4@mail.ru,Female,12140.33,20495.01,3.09,7/4/2019
978,Mada,Spence,mspencer5@ed.gov,Female,8258.27,41146.88,2.9,6/19/2019
979,Vannie,Burkart,vburkartr6@bloomberg.com,Female,71213.14,16203.22,2.87,4/23/2020
980,Giffy,Syrie,gsyrier7@blogspot.com,Male,72473.03,24826.95,9.87,1/23/2020
981,Livy,Naisbit,lnaisbitr8@alexa.com,Female,52656.73,25869.28,15.31,7/12/2019
982,Allistir,Mc-Kerley,amckerleyr9@wired.com,Male,71724.8,78902.93,25.88,6/4/2019
983,Baxie,Huffer,bhufferra@businesswire.com,Male,9171.05,47171.14,9.48,10/3/2019
984,Anne,Spensly,aspenslyrb@tamu.edu,Female,45924.02,86668.68,11.39,9/8/2019
985,Malvina,Bernollet,mbernolletrc@acquirethisname.com,Female,16570.24,1779.27,15.01,6/20/2019
986,Sybil,Beange,sbeangerd@networksolutions.com,Female,37392.62,73148.43,10.03,12/29/2019
987,Jock,Hatfull,jhatfullre@eventbrite.com,Male,32918.52,9754.8,16.15,2/9/2020
988,Thomasina,Brehat,tbrehatrf@usatoday.com,Female,77370.14,54773.92,13.46,7/1/2019
989,Winn,Smeed,wsmeedrg@ftc.gov,Male,76330.74,55150.53,27.02,1/20/2020
990,Katheryn,Sisse,ksisserh@msu.edu,Female,71370.0,59981.0,25.45,5/4/2019
991,Lillis,Pike,lpikeri@google.pl,Female,8898.71,64879.06,2.34,3/1/2020
992,Brena,Mulcaster,bmulcasterrj@ucoz.ru,Female,99370.67,66237.98,25.36,4/23/2020
993,Annmarie,Uc,aucrk@smugmug.com,Female,71910.32,31477.44,29.73,7/10/2019
994,Saba,Hutcheson,shutchesonrl@indiatimes.com,Female,72609.45,68191.36,27.2,2/24/2020
995,Montgomery,Junkinson,mjunkinsonrm@nps.gov,Male,26526.08,84700.59,14.32,12/18/2019
996,Abigale,Doy,adoyrn@nasa.gov,Female,2931.53,9874.3,8.61,6/9/2019
997,Winn,Giacomazzo,wgiacomazzoro@archive.org,Male,45337.25,88866.74,16.52,9/14/2019
998,Elita,Camidge,ecamidgerp@redcross.org,Female,1344.41,63491.08,15.32,11/27/2019
999,Roth,Spoerl,rspoerlrq@blogger.com,Male,58489.4,79632.86,19.44,5/9/2019
1000,Charmane,Panchen,cpanchenrr@ebay.co.uk,Female,97865.86,71858.69,4.84,6/29/2019
